timestamp,scenario_name,predicted_cpu,load_level,current_pods,raw_required_pods,delayable_jobs,workload_reduction_percent,carbon_saving_gco2,carbon_saving_percent,final_action,final_pods,sla_preserved
2026-05-04T02:26:06.753772Z,LOW LOAD,20,LOW,3,1,3,0.5,0.0,0.0,N/A,0,True
2026-05-04T02:26:17.950285Z,NORMAL LOAD,55,NORMAL,3,3,1,0.1357142857142857,3.33,66.6,N/A,0,True
2026-05-04T02:26:29.168640Z,HIGH LOAD,85,HIGH,2,5,1,0.11176470588235293,0.0,0.0,N/A,0,True
2026-05-04T02:26:40.311828Z,HIGH LOAD NO DELAY,90,HIGH,3,5,0,0.0,0.0,0.0,N/A,0,True
2026-05-04T02:26:51.511432Z,LOW RECOVERY,25,LOW,5,1,3,0.5,0.0,0.0,N/A,0,True
2026-05-04T02:27:02.762274Z,LOW LOAD,20,LOW,3,1,3,0.5,0.0,0.0,N/A,0,True
2026-05-04T02:27:14.014860Z,NORMAL LOAD,55,NORMAL,3,3,1,0.1357142857142857,3.33,66.6,N/A,0,True
2026-05-04T02:27:25.167839Z,HIGH LOAD,85,HIGH,2,5,1,0.11176470588235293,0.0,0.0,N/A,0,True
2026-05-04T02:27:36.367707Z,HIGH LOAD NO DELAY,90,HIGH,3,5,0,0.0,0.0,0.0,N/A,0,True
2026-05-04T02:27:47.570836Z,LOW RECOVERY,25,LOW,5,1,3,0.5,0.0,0.0,N/A,0,True
2026-05-04T02:27:58.740029Z,LOW LOAD,20,LOW,3,1,3,0.5,0.0,0.0,N/A,0,True
2026-05-04T02:28:09.893637Z,NORMAL LOAD,55,NORMAL,3,3,1,0.1357142857142857,3.33,66.6,N/A,0,True
2026-05-04T02:28:21.070567Z,HIGH LOAD,85,HIGH,2,5,1,0.11176470588235293,0.0,0.0,N/A,0,True
2026-05-04T02:28:32.256845Z,HIGH LOAD NO DELAY,90,HIGH,3,5,0,0.0,0.0,0.0,N/A,0,True
2026-05-04T02:28:43.431744Z,LOW RECOVERY,25,LOW,5,1,3,0.5,0.0,0.0,N/A,0,True
2026-05-04T02:28:54.605619Z,LOW LOAD,20,LOW,3,1,3,0.5,0.0,0.0,N/A,0,True
2026-05-04T02:29:05.758117Z,NORMAL LOAD,55,NORMAL,3,3,1,0.1357142857142857,3.33,66.6,N/A,0,True
2026-05-04T02:29:16.897270Z,HIGH LOAD,85,HIGH,2,5,1,0.11176470588235293,0.0,0.0,N/A,0,True
2026-05-04T02:29:28.071211Z,HIGH LOAD NO DELAY,90,HIGH,3,5,0,0.0,0.0,0.0,N/A,0,True
2026-05-04T02:29:39.240695Z,LOW RECOVERY,25,LOW,5,1,3,0.5,0.0,0.0,N/A,0,True
2026-05-04T02:29:50.415021Z,LOW LOAD,20,LOW,3,1,3,0.5,0.0,0.0,N/A,0,True
2026-05-04T02:30:01.558789Z,NORMAL LOAD,55,NORMAL,3,3,1,0.1357142857142857,3.33,66.6,N/A,0,True
2026-05-04T02:30:12.706331Z,HIGH LOAD,85,HIGH,2,5,1,0.11176470588235293,0.0,0.0,N/A,0,True
2026-05-04T02:30:23.875612Z,HIGH LOAD NO DELAY,90,HIGH,3,5,0,0.0,0.0,0.0,N/A,0,True
2026-05-04T02:30:34.983003Z,LOW RECOVERY,25,LOW,5,1,3,0.5,0.0,0.0,N/A,0,True
2026-05-04T02:30:46.144024Z,LOW LOAD,20,LOW,3,1,3,0.5,0.0,0.0,N/A,0,True
2026-05-04T02:30:57.289139Z,NORMAL LOAD,55,NORMAL,3,3,1,0.1357142857142857,3.33,66.6,N/A,0,True
2026-05-04T02:31:07.659804Z,LOW LOAD,20,LOW,3,1,3,0.5,0.0,0.0,N/A,0,True
2026-05-04T02:31:08.456288Z,HIGH LOAD,85,HIGH,2,5,1,0.11176470588235293,0.0,0.0,N/A,0,True
2026-05-04T02:31:18.782579Z,NORMAL LOAD,55,NORMAL,3,3,1,0.1357142857142857,3.33,66.6,N/A,0,True
2026-05-04T02:31:19.579258Z,HIGH LOAD NO DELAY,90,HIGH,3,5,0,0.0,0.0,0.0,N/A,0,True
2026-05-04T02:31:29.959022Z,HIGH LOAD,85,HIGH,2,5,1,0.11176470588235293,0.0,0.0,N/A,0,True
2026-05-04T02:31:30.720529Z,LOW RECOVERY,25,LOW,5,1,3,0.5,0.0,0.0,N/A,0,True
2026-05-04T02:31:41.126251Z,HIGH LOAD NO DELAY,90,HIGH,3,5,0,0.0,0.0,0.0,N/A,0,True
2026-05-04T02:31:41.868443Z,LOW LOAD,20,LOW,3,1,3,0.5,0.0,0.0,N/A,0,True
2026-05-04T02:31:52.296984Z,LOW RECOVERY,25,LOW,5,1,3,0.5,0.0,0.0,N/A,0,True
2026-05-04T02:31:53.009737Z,NORMAL LOAD,55,NORMAL,3,3,1,0.1357142857142857,3.33,66.6,N/A,0,True
2026-05-04T02:32:03.465926Z,LOW LOAD,20,LOW,3,1,3,0.5,0.0,0.0,N/A,0,True
2026-05-04T02:32:04.170324Z,HIGH LOAD,85,HIGH,2,5,1,0.11176470588235293,0.0,0.0,N/A,0,True
2026-05-04T02:32:39.747227Z,HIGH LOAD NO DELAY,90,HIGH,3,5,0,0.0,0.0,0.0,N/A,0,True
2026-05-04T02:33:27.566790Z,LOW RECOVERY,25,LOW,5,1,0,0.0,0.0,0.0,N/A,0,True
2026-05-04T02:33:47.351455Z,LOW LOAD,20,LOW,3,1,0,0.0,0.0,0.0,N/A,0,True
2026-05-04T02:34:15.456011Z,LOW LOAD,20,LOW,3,1,0,0.0,0.0,0.0,N/A,0,True
2026-05-04T02:35:04.112448Z,LOW LOAD,20,LOW,3,1,3,0.5,0.0,0.0,N/A,0,True
2026-05-04T02:35:15.317043Z,NORMAL LOAD,55,NORMAL,3,3,1,0.1357142857142857,3.33,66.6,N/A,0,True
2026-05-04T02:35:26.547951Z,HIGH LOAD,85,HIGH,2,5,1,0.11176470588235293,0.0,0.0,N/A,0,True
2026-05-04T02:35:37.726258Z,HIGH LOAD NO DELAY,90,HIGH,3,5,0,0.0,0.0,0.0,N/A,0,True
2026-05-04T02:35:48.887005Z,LOW RECOVERY,25,LOW,5,1,3,0.5,0.0,0.0,N/A,0,True
2026-05-04T02:36:00.035224Z,LOW LOAD,20,LOW,3,1,3,0.5,0.0,0.0,N/A,0,True
2026-05-04T02:36:11.192464Z,NORMAL LOAD,55,NORMAL,3,3,1,0.1357142857142857,3.33,66.6,N/A,0,True
2026-05-04T02:36:22.319045Z,HIGH LOAD,85,HIGH,2,5,1,0.11176470588235293,0.0,0.0,N/A,0,True
2026-05-04T02:36:33.441933Z,HIGH LOAD NO DELAY,90,HIGH,3,5,0,0.0,0.0,0.0,N/A,0,True
2026-05-04T02:36:44.609498Z,LOW RECOVERY,25,LOW,5,1,3,0.5,0.0,0.0,N/A,0,True
2026-05-04T02:36:47.352085Z,LOW LOAD,20,LOW,3,1,3,0.5,0.0,0.0,N/A,0,True
2026-05-04T02:36:55.759197Z,LOW LOAD,20,LOW,3,1,3,0.5,0.0,0.0,N/A,0,True
2026-05-04T02:36:58.522881Z,NORMAL LOAD,55,NORMAL,3,3,1,0.1357142857142857,3.33,66.6,N/A,0,True
2026-05-04T02:37:06.923248Z,NORMAL LOAD,55,NORMAL,3,3,1,0.1357142857142857,3.33,66.6,N/A,0,True
2026-05-04T02:37:09.674989Z,HIGH LOAD,85,HIGH,2,5,1,0.11176470588235293,0.0,0.0,N/A,0,True
2026-05-04T02:37:18.098382Z,HIGH LOAD,85,HIGH,2,5,1,0.11176470588235293,0.0,0.0,N/A,0,True
2026-05-04T02:37:20.824379Z,HIGH LOAD NO DELAY,90,HIGH,3,5,0,0.0,0.0,0.0,N/A,0,True
2026-05-04T02:37:29.280516Z,HIGH LOAD NO DELAY,90,HIGH,3,5,0,0.0,0.0,0.0,N/A,0,True
2026-05-04T02:37:31.971617Z,LOW RECOVERY,25,LOW,5,1,3,0.5,0.0,0.0,N/A,0,True
2026-05-04T02:37:40.444794Z,LOW RECOVERY,25,LOW,5,1,3,0.5,0.0,0.0,N/A,0,True
2026-05-04T02:37:43.141333Z,LOW LOAD,20,LOW,3,1,3,0.5,0.0,0.0,N/A,0,True
2026-05-04T02:37:51.629809Z,LOW LOAD,20,LOW,3,1,3,0.5,0.0,0.0,N/A,0,True
2026-05-04T02:37:54.299953Z,NORMAL LOAD,55,NORMAL,3,3,1,0.1357142857142857,3.33,66.6,N/A,0,True
2026-05-04T02:38:02.745442Z,NORMAL LOAD,55,NORMAL,3,3,1,0.1357142857142857,3.33,66.6,N/A,0,True
2026-05-04T02:38:05.471590Z,HIGH LOAD,85,HIGH,2,5,1,0.11176470588235293,0.0,0.0,N/A,0,True
2026-05-04T02:38:13.929462Z,HIGH LOAD,85,HIGH,2,5,1,0.11176470588235293,0.0,0.0,N/A,0,True
2026-05-04T02:38:16.601755Z,HIGH LOAD NO DELAY,90,HIGH,3,5,0,0.0,0.0,0.0,N/A,0,True
2026-05-04T02:38:25.124801Z,HIGH LOAD NO DELAY,90,HIGH,3,5,0,0.0,0.0,0.0,N/A,0,True
2026-05-04T02:38:27.746755Z,LOW RECOVERY,25,LOW,5,1,3,0.5,0.0,0.0,N/A,0,True
2026-05-04T02:38:36.328954Z,LOW RECOVERY,25,LOW,5,1,3,0.5,0.0,0.0,N/A,0,True
2026-05-04T02:38:38.889805Z,LOW LOAD,20,LOW,3,1,3,0.5,0.0,0.0,N/A,0,True
2026-05-04T02:38:47.478340Z,LOW LOAD,20,LOW,3,1,3,0.5,0.0,0.0,N/A,0,True
2026-05-04T02:38:50.046282Z,NORMAL LOAD,55,NORMAL,3,3,1,0.1357142857142857,3.33,66.6,N/A,0,True
2026-05-04T02:38:58.669303Z,NORMAL LOAD,55,NORMAL,3,3,1,0.1357142857142857,3.33,66.6,N/A,0,True
2026-05-04T02:39:01.206313Z,HIGH LOAD,85,HIGH,2,5,1,0.11176470588235293,0.0,0.0,N/A,0,True
2026-05-04T02:39:09.809965Z,HIGH LOAD,85,HIGH,2,5,1,0.11176470588235293,0.0,0.0,N/A,0,True
2026-05-04T02:39:12.355956Z,HIGH LOAD NO DELAY,90,HIGH,3,5,0,0.0,0.0,0.0,N/A,0,True
2026-05-04T02:39:20.996407Z,HIGH LOAD NO DELAY,90,HIGH,3,5,0,0.0,0.0,0.0,N/A,0,True
2026-05-04T02:39:23.516430Z,LOW RECOVERY,25,LOW,5,1,3,0.5,0.0,0.0,N/A,0,True
2026-05-04T02:39:32.152431Z,LOW RECOVERY,25,LOW,5,1,3,0.5,0.0,0.0,N/A,0,True
2026-05-04T02:39:34.652135Z,LOW LOAD,20,LOW,3,1,3,0.5,0.0,0.0,N/A,0,True
2026-05-04T02:39:43.308294Z,LOW LOAD,20,LOW,3,1,3,0.5,0.0,0.0,N/A,0,True
2026-05-04T02:39:45.814391Z,NORMAL LOAD,55,NORMAL,3,3,1,0.1357142857142857,3.33,66.6,N/A,0,True
2026-05-04T02:39:54.480968Z,NORMAL LOAD,55,NORMAL,3,3,1,0.1357142857142857,3.33,66.6,N/A,0,True
2026-05-04T02:39:56.963894Z,HIGH LOAD,85,HIGH,2,5,1,0.11176470588235293,0.0,0.0,N/A,0,True
2026-05-04T02:40:05.634836Z,HIGH LOAD,85,HIGH,2,5,1,0.11176470588235293,0.0,0.0,N/A,0,True
2026-05-04T02:40:08.094513Z,HIGH LOAD NO DELAY,90,HIGH,3,5,0,0.0,0.0,0.0,N/A,0,True
2026-05-04T02:40:16.806131Z,HIGH LOAD NO DELAY,90,HIGH,3,5,0,0.0,0.0,0.0,N/A,0,True
2026-05-04T02:40:19.267267Z,LOW RECOVERY,25,LOW,5,1,3,0.5,0.0,0.0,N/A,0,True
2026-05-04T02:40:27.913649Z,LOW RECOVERY,25,LOW,5,1,3,0.5,0.0,0.0,N/A,0,True
2026-05-04T02:40:30.395080Z,LOW LOAD,20,LOW,3,1,3,0.5,0.0,0.0,N/A,0,True
2026-05-04T02:40:39.037427Z,LOW LOAD,20,LOW,3,1,3,0.5,0.0,0.0,N/A,0,True
2026-05-04T02:40:41.535425Z,NORMAL LOAD,55,NORMAL,3,3,1,0.1357142857142857,3.33,66.6,N/A,0,True
2026-05-04T02:40:50.194168Z,NORMAL LOAD,55,NORMAL,3,3,1,0.1357142857142857,3.33,66.6,N/A,0,True
2026-05-04T02:40:52.688138Z,HIGH LOAD,85,HIGH,2,5,1,0.11176470588235293,0.0,0.0,N/A,0,True
2026-05-04T02:41:01.337065Z,HIGH LOAD,85,HIGH,2,5,1,0.11176470588235293,0.0,0.0,N/A,0,True
2026-05-04T02:41:03.807705Z,HIGH LOAD NO DELAY,90,HIGH,3,5,0,0.0,0.0,0.0,N/A,0,True
2026-05-04T02:41:12.465743Z,HIGH LOAD NO DELAY,90,HIGH,3,5,0,0.0,0.0,0.0,N/A,0,True
2026-05-04T02:41:14.964511Z,LOW RECOVERY,25,LOW,5,1,3,0.5,0.0,0.0,N/A,0,True
2026-05-04T02:41:23.640846Z,LOW RECOVERY,25,LOW,5,1,3,0.5,0.0,0.0,N/A,0,True
2026-05-04T02:41:26.135605Z,LOW LOAD,20,LOW,3,1,3,0.5,0.0,0.0,N/A,0,True
2026-05-04T02:41:34.835158Z,LOW LOAD,20,LOW,3,1,3,0.5,0.0,0.0,N/A,0,True
2026-05-04T02:41:37.262128Z,NORMAL LOAD,55,NORMAL,3,3,1,0.1357142857142857,3.33,66.6,N/A,0,True
2026-05-04T02:41:46.012886Z,NORMAL LOAD,55,NORMAL,3,3,1,0.1357142857142857,3.33,66.6,N/A,0,True
2026-05-04T02:41:48.383541Z,HIGH LOAD,85,HIGH,2,5,1,0.11176470588235293,0.0,0.0,N/A,0,True
2026-05-04T02:41:57.148746Z,HIGH LOAD,85,HIGH,2,5,1,0.11176470588235293,0.0,0.0,N/A,0,True
2026-05-04T02:41:59.574488Z,HIGH LOAD NO DELAY,90,HIGH,3,5,0,0.0,0.0,0.0,N/A,0,True
2026-05-04T02:42:08.351114Z,HIGH LOAD NO DELAY,90,HIGH,3,5,0,0.0,0.0,0.0,N/A,0,True
2026-05-04T02:42:10.800219Z,LOW RECOVERY,25,LOW,5,1,3,0.5,0.0,0.0,N/A,0,True
2026-05-04T02:42:19.537939Z,LOW RECOVERY,25,LOW,5,1,3,0.5,0.0,0.0,N/A,0,True
2026-05-04T02:42:22.050345Z,LOW LOAD,20,LOW,3,1,3,0.5,0.0,0.0,N/A,0,True
2026-05-04T02:42:30.705619Z,LOW LOAD,20,LOW,3,1,3,0.5,0.0,0.0,N/A,0,True
2026-05-04T02:42:33.255993Z,NORMAL LOAD,55,NORMAL,3,3,1,0.1357142857142857,3.33,66.6,N/A,0,True
2026-05-04T02:42:41.909915Z,NORMAL LOAD,55,NORMAL,3,3,1,0.1357142857142857,3.33,66.6,N/A,0,True
2026-05-04T02:42:44.460817Z,HIGH LOAD,85,HIGH,2,5,1,0.11176470588235293,0.0,0.0,N/A,0,True
2026-05-04T02:42:53.104332Z,HIGH LOAD,85,HIGH,2,5,1,0.11176470588235293,0.0,0.0,N/A,0,True
2026-05-04T02:42:55.623958Z,HIGH LOAD NO DELAY,90,HIGH,3,5,0,0.0,0.0,0.0,N/A,0,True
2026-05-04T02:43:04.249036Z,HIGH LOAD NO DELAY,90,HIGH,3,5,0,0.0,0.0,0.0,N/A,0,True
2026-05-04T02:43:06.759218Z,LOW RECOVERY,25,LOW,5,1,3,0.5,0.0,0.0,N/A,0,True
2026-05-04T02:43:15.416420Z,LOW RECOVERY,25,LOW,5,1,3,0.5,0.0,0.0,N/A,0,True
2026-05-04T02:43:17.926518Z,LOW LOAD,20,LOW,3,1,3,0.5,0.0,0.0,N/A,0,True
2026-05-04T02:43:26.544585Z,LOW LOAD,20,LOW,3,1,3,0.5,0.0,0.0,N/A,0,True
2026-05-04T02:43:29.048790Z,NORMAL LOAD,55,NORMAL,3,3,1,0.1357142857142857,3.33,66.6,N/A,0,True
2026-05-04T02:43:37.698135Z,NORMAL LOAD,55,NORMAL,3,3,1,0.1357142857142857,3.33,66.6,N/A,0,True
2026-05-04T02:43:40.201443Z,HIGH LOAD,85,HIGH,2,5,1,0.11176470588235293,0.0,0.0,N/A,0,True
2026-05-04T02:43:48.841125Z,HIGH LOAD,85,HIGH,2,5,1,0.11176470588235293,0.0,0.0,N/A,0,True
2026-05-04T02:43:51.374027Z,HIGH LOAD NO DELAY,90,HIGH,3,5,0,0.0,0.0,0.0,N/A,0,True
2026-05-04T02:44:00.002021Z,HIGH LOAD NO DELAY,90,HIGH,3,5,0,0.0,0.0,0.0,N/A,0,True
2026-05-04T02:44:02.543779Z,LOW RECOVERY,25,LOW,5,1,3,0.5,0.0,0.0,N/A,0,True
2026-05-04T02:44:11.148420Z,LOW RECOVERY,25,LOW,5,1,3,0.5,0.0,0.0,N/A,0,True
2026-05-04T02:44:13.697716Z,LOW LOAD,20,LOW,3,1,3,0.5,0.0,0.0,N/A,0,True
2026-05-04T02:44:22.288222Z,LOW LOAD,20,LOW,3,1,3,0.5,0.0,0.0,N/A,0,True
2026-05-04T02:44:24.830078Z,NORMAL LOAD,55,NORMAL,3,3,1,0.1357142857142857,3.33,66.6,N/A,0,True
2026-05-04T02:44:33.454575Z,NORMAL LOAD,55,NORMAL,3,3,1,0.1357142857142857,3.33,66.6,N/A,0,True
2026-05-04T02:44:35.997372Z,HIGH LOAD,85,HIGH,2,5,1,0.11176470588235293,0.0,0.0,N/A,0,True
2026-05-04T02:44:44.662972Z,HIGH LOAD,85,HIGH,2,5,1,0.11176470588235293,0.0,0.0,N/A,0,True
2026-05-04T02:44:47.218892Z,HIGH LOAD NO DELAY,90,HIGH,3,5,0,0.0,0.0,0.0,N/A,0,True
2026-05-04T02:44:54.602198Z,LOW LOAD,20,LOW,3,1,3,0.5,0.0,0.0,N/A,0,True
2026-05-04T02:44:55.913168Z,HIGH LOAD NO DELAY,90,HIGH,3,5,0,0.0,0.0,0.0,N/A,0,True
2026-05-04T02:44:58.381122Z,LOW RECOVERY,25,LOW,5,1,3,0.5,0.0,0.0,N/A,0,True
2026-05-04T02:45:05.810339Z,NORMAL LOAD,55,NORMAL,3,3,1,0.1357142857142857,3.33,66.6,N/A,0,True
2026-05-04T02:45:07.077717Z,LOW RECOVERY,25,LOW,5,1,3,0.5,0.0,0.0,N/A,0,True
2026-05-04T02:45:09.536521Z,LOW LOAD,20,LOW,3,1,3,0.5,0.0,0.0,N/A,0,True
2026-05-04T02:52:09.530809Z,LOW LOAD,20,LOW,3,1,3,0.5,0.0,0.0,N/A,0,True
2026-05-04T02:52:20.700129Z,NORMAL LOAD,55,NORMAL,3,3,1,0.1357142857142857,3.33,66.6,N/A,0,True
2026-05-04T02:52:50.212940Z,LOW LOAD,20,LOW,3,1,3,0.5,0.0,0.0,N/A,0,True
2026-05-04T02:53:01.338503Z,NORMAL LOAD,55,NORMAL,3,3,1,0.1357142857142857,3.33,66.6,N/A,0,True
2026-05-04T02:53:12.504047Z,HIGH LOAD,85,HIGH,2,5,1,0.11176470588235293,0.0,0.0,N/A,0,True
2026-05-04T02:53:23.604084Z,HIGH LOAD NO DELAY,90,HIGH,3,5,0,0.0,0.0,0.0,N/A,0,True
2026-05-04T02:53:34.773877Z,LOW RECOVERY,25,LOW,5,1,3,0.5,0.0,0.0,N/A,0,True
2026-05-04T02:53:45.939764Z,LOW LOAD,20,LOW,3,1,3,0.5,0.0,0.0,N/A,0,True
2026-05-04T02:53:57.088444Z,NORMAL LOAD,55,NORMAL,3,3,1,0.1357142857142857,3.33,66.6,N/A,0,True
2026-05-04T02:54:08.238818Z,HIGH LOAD,85,HIGH,2,5,1,0.11176470588235293,0.0,0.0,N/A,0,True
2026-05-04T02:54:19.394001Z,HIGH LOAD NO DELAY,90,HIGH,3,5,0,0.0,0.0,0.0,N/A,0,True
2026-05-04T02:54:30.545646Z,LOW RECOVERY,25,LOW,5,1,3,0.5,0.0,0.0,N/A,0,True
2026-05-04T02:54:41.717145Z,LOW LOAD,20,LOW,3,1,3,0.5,0.0,0.0,N/A,0,True
2026-05-04T02:54:52.908652Z,NORMAL LOAD,55,NORMAL,3,3,1,0.1357142857142857,3.33,66.6,N/A,0,True
2026-05-04T02:55:04.040268Z,HIGH LOAD,85,HIGH,2,5,1,0.11176470588235293,0.0,0.0,N/A,0,True
2026-05-04T02:55:15.189481Z,HIGH LOAD NO DELAY,90,HIGH,3,5,0,0.0,0.0,0.0,N/A,0,True
2026-05-04T02:55:26.351466Z,LOW RECOVERY,25,LOW,5,1,3,0.5,0.0,0.0,N/A,0,True
2026-05-04T02:55:37.530411Z,LOW LOAD,20,LOW,3,1,3,0.5,0.0,0.0,N/A,0,True
2026-05-04T02:55:48.679333Z,NORMAL LOAD,55,NORMAL,3,3,1,0.1357142857142857,3.33,66.6,N/A,0,True
2026-05-04T02:55:59.879085Z,HIGH LOAD,85,HIGH,2,5,1,0.11176470588235293,0.0,0.0,N/A,0,True
2026-05-04T02:56:11.067082Z,HIGH LOAD NO DELAY,90,HIGH,3,5,0,0.0,0.0,0.0,N/A,0,True
2026-05-04T02:56:22.258320Z,LOW RECOVERY,25,LOW,5,1,3,0.5,0.0,0.0,N/A,0,True
2026-05-04T02:56:33.378374Z,LOW LOAD,20,LOW,3,1,3,0.5,0.0,0.0,N/A,0,True
2026-05-04T02:56:44.538304Z,NORMAL LOAD,55,NORMAL,3,3,1,0.1357142857142857,3.33,66.6,N/A,0,True
2026-05-04T02:56:55.675523Z,HIGH LOAD,85,HIGH,2,5,1,0.11176470588235293,0.0,0.0,N/A,0,True
2026-05-04T02:57:06.853021Z,HIGH LOAD NO DELAY,90,HIGH,3,5,0,0.0,0.0,0.0,N/A,0,True
2026-05-04T02:57:18.033816Z,LOW RECOVERY,25,LOW,5,1,3,0.5,0.0,0.0,N/A,0,True
2026-05-04T02:57:29.210579Z,LOW LOAD,20,LOW,3,1,3,0.5,0.0,0.0,N/A,0,True
2026-05-04T02:57:40.385082Z,NORMAL LOAD,55,NORMAL,3,3,1,0.1357142857142857,3.33,66.6,N/A,0,True
2026-05-04T02:57:51.535816Z,HIGH LOAD,85,HIGH,2,5,1,0.11176470588235293,0.0,0.0,N/A,0,True
2026-05-04T02:58:02.702927Z,HIGH LOAD NO DELAY,90,HIGH,3,5,0,0.0,0.0,0.0,N/A,0,True
2026-05-04T02:58:13.865990Z,LOW RECOVERY,25,LOW,5,1,3,0.5,0.0,0.0,N/A,0,True
2026-05-04T02:58:25.035255Z,LOW LOAD,20,LOW,3,1,3,0.5,0.0,0.0,N/A,0,True
2026-05-04T02:58:36.208731Z,NORMAL LOAD,55,NORMAL,3,3,1,0.1357142857142857,3.33,66.6,N/A,0,True
2026-05-04T02:58:47.403091Z,HIGH LOAD,85,HIGH,2,5,1,0.11176470588235293,0.0,0.0,N/A,0,True
2026-05-04T02:58:56.772614Z,LOW LOAD,20,LOW,3,1,3,0.5,0.0,0.0,N/A,0,True
2026-05-04T02:58:58.544357Z,HIGH LOAD NO DELAY,90,HIGH,3,5,0,0.0,0.0,0.0,N/A,0,True
2026-05-04T02:59:07.946630Z,NORMAL LOAD,55,NORMAL,3,3,1,0.1357142857142857,3.33,66.6,N/A,0,True
2026-05-04T02:59:09.704400Z,LOW RECOVERY,25,LOW,5,1,3,0.5,0.0,0.0,N/A,0,True
2026-05-04T02:59:33.024973Z,LOW LOAD,20,LOW,3,1,3,0.5,0.0,0.0,N/A,0,True
2026-05-04T02:59:44.168176Z,NORMAL LOAD,55,NORMAL,3,3,1,0.1357142857142857,3.33,66.6,N/A,0,True
2026-05-04T02:59:55.328404Z,HIGH LOAD,85,HIGH,2,5,1,0.11176470588235293,0.0,0.0,N/A,0,True
2026-05-04T03:00:06.477791Z,HIGH LOAD NO DELAY,90,HIGH,3,5,0,0.0,0.0,0.0,N/A,0,True
2026-05-04T03:00:17.661094Z,LOW RECOVERY,25,LOW,5,1,3,0.5,0.0,0.0,N/A,0,True
2026-05-04T03:00:28.844352Z,LOW LOAD,20,LOW,3,1,3,0.5,0.0,0.0,N/A,0,True
2026-05-04T03:00:39.995723Z,NORMAL LOAD,55,NORMAL,3,3,1,0.1357142857142857,3.33,66.6,N/A,0,True
2026-05-04T03:00:51.205148Z,HIGH LOAD,85,HIGH,2,5,1,0.11176470588235293,0.0,0.0,N/A,0,True
2026-05-04T03:01:02.333389Z,HIGH LOAD NO DELAY,90,HIGH,3,5,0,0.0,0.0,0.0,N/A,0,True
2026-05-04T03:01:13.477485Z,LOW RECOVERY,25,LOW,5,1,3,0.5,0.0,0.0,N/A,0,True
2026-05-04T03:01:24.611525Z,LOW LOAD,20,LOW,3,1,3,0.5,0.0,0.0,N/A,0,True
2026-05-04T03:01:35.738175Z,NORMAL LOAD,55,NORMAL,3,3,1,0.1357142857142857,3.33,66.6,N/A,0,True
2026-05-04T03:01:46.864212Z,HIGH LOAD,85,HIGH,2,5,1,0.11176470588235293,0.0,0.0,N/A,0,True
2026-05-04T03:01:58.025622Z,HIGH LOAD NO DELAY,90,HIGH,3,5,0,0.0,0.0,0.0,N/A,0,True
2026-05-04T03:02:09.217339Z,LOW RECOVERY,25,LOW,5,1,3,0.5,0.0,0.0,N/A,0,True
2026-05-04T03:02:20.420072Z,LOW LOAD,20,LOW,3,1,3,0.5,0.0,0.0,N/A,0,True
2026-05-04T03:02:31.597974Z,NORMAL LOAD,55,NORMAL,3,3,1,0.1357142857142857,3.33,66.6,N/A,0,True
2026-05-04T03:02:42.737558Z,HIGH LOAD,85,HIGH,2,5,1,0.11176470588235293,0.0,0.0,N/A,0,True
2026-05-04T03:02:53.840108Z,HIGH LOAD NO DELAY,90,HIGH,3,5,0,0.0,0.0,0.0,N/A,0,True
2026-05-04T03:03:04.983899Z,LOW RECOVERY,25,LOW,5,1,3,0.5,0.0,0.0,N/A,0,True
2026-05-04T03:03:16.148143Z,LOW LOAD,20,LOW,3,1,3,0.5,0.0,0.0,N/A,0,True
2026-05-04T03:03:27.296263Z,NORMAL LOAD,55,NORMAL,3,3,1,0.1357142857142857,3.33,66.6,N/A,0,True
2026-05-04T03:03:38.450915Z,HIGH LOAD,85,HIGH,2,5,1,0.11176470588235293,0.0,0.0,N/A,0,True
2026-05-04T03:03:49.561857Z,HIGH LOAD NO DELAY,90,HIGH,3,5,0,0.0,0.0,0.0,N/A,0,True
2026-05-04T03:04:00.684596Z,LOW RECOVERY,25,LOW,5,1,3,0.5,0.0,0.0,N/A,0,True
2026-05-04T03:04:11.831345Z,LOW LOAD,20,LOW,3,1,3,0.5,0.0,0.0,N/A,0,True
2026-05-04T03:04:22.980098Z,NORMAL LOAD,55,NORMAL,3,3,1,0.1357142857142857,3.33,66.6,N/A,0,True
2026-05-04T03:04:34.174376Z,HIGH LOAD,85,HIGH,2,5,1,0.11176470588235293,0.0,0.0,N/A,0,True
2026-05-04T03:04:45.325980Z,HIGH LOAD NO DELAY,90,HIGH,3,5,0,0.0,0.0,0.0,N/A,0,True
2026-05-04T03:04:56.491345Z,LOW RECOVERY,25,LOW,5,1,3,0.5,0.0,0.0,N/A,0,True
2026-05-04T03:05:07.647389Z,LOW LOAD,20,LOW,3,1,3,0.5,0.0,0.0,N/A,0,True
2026-05-04T03:05:18.805315Z,NORMAL LOAD,55,NORMAL,3,3,1,0.1357142857142857,3.33,66.6,N/A,0,True
2026-05-04T03:05:29.941189Z,HIGH LOAD,85,HIGH,2,5,1,0.11176470588235293,0.0,0.0,N/A,0,True
2026-05-04T03:05:41.081595Z,HIGH LOAD NO DELAY,90,HIGH,3,5,0,0.0,0.0,0.0,N/A,0,True
2026-05-04T03:05:52.222061Z,LOW RECOVERY,25,LOW,5,1,3,0.5,0.0,0.0,N/A,0,True
2026-05-04T03:06:03.369015Z,LOW LOAD,20,LOW,3,1,3,0.5,0.0,0.0,N/A,0,True
2026-05-04T03:06:14.574990Z,NORMAL LOAD,55,NORMAL,3,3,1,0.1357142857142857,3.33,66.6,N/A,0,True
2026-05-04T03:06:25.723383Z,HIGH LOAD,85,HIGH,2,5,1,0.11176470588235293,0.0,0.0,N/A,0,True
2026-05-04T03:06:36.925886Z,HIGH LOAD NO DELAY,90,HIGH,3,5,0,0.0,0.0,0.0,N/A,0,True
2026-05-04T03:06:48.106673Z,LOW RECOVERY,25,LOW,5,1,3,0.5,0.0,0.0,N/A,0,True
2026-05-04T03:06:59.303828Z,LOW LOAD,20,LOW,3,1,3,0.5,0.0,0.0,N/A,0,True
2026-05-04T03:07:10.508051Z,NORMAL LOAD,55,NORMAL,3,3,1,0.1357142857142857,3.33,66.6,N/A,0,True
2026-05-04T03:07:21.673757Z,HIGH LOAD,85,HIGH,2,5,1,0.11176470588235293,0.0,0.0,N/A,0,True
2026-05-04T03:07:32.822438Z,HIGH LOAD NO DELAY,90,HIGH,3,5,0,0.0,0.0,0.0,N/A,0,True
2026-05-04T03:07:43.978574Z,LOW RECOVERY,25,LOW,5,1,3,0.5,0.0,0.0,N/A,0,True
2026-05-04T03:07:55.155897Z,LOW LOAD,20,LOW,3,1,3,0.5,0.0,0.0,N/A,0,True
2026-05-04T03:08:06.295414Z,NORMAL LOAD,55,NORMAL,3,3,1,0.1357142857142857,3.33,66.6,N/A,0,True
2026-05-04T03:08:17.414749Z,HIGH LOAD,85,HIGH,2,5,1,0.11176470588235293,0.0,0.0,N/A,0,True
2026-05-04T03:08:28.536248Z,HIGH LOAD NO DELAY,90,HIGH,3,5,0,0.0,0.0,0.0,N/A,0,True
2026-05-04T03:08:39.638558Z,LOW RECOVERY,25,LOW,5,1,3,0.5,0.0,0.0,N/A,0,True
2026-05-04T03:08:50.822422Z,LOW LOAD,20,LOW,3,1,3,0.5,0.0,0.0,N/A,0,True
2026-05-04T03:09:01.947658Z,NORMAL LOAD,55,NORMAL,3,3,1,0.1357142857142857,3.33,66.6,N/A,0,True
2026-05-04T03:09:13.076882Z,HIGH LOAD,85,HIGH,2,5,1,0.11176470588235293,0.0,0.0,N/A,0,True
2026-05-04T03:09:24.215782Z,HIGH LOAD NO DELAY,90,HIGH,3,5,0,0.0,0.0,0.0,N/A,0,True
2026-05-04T03:09:35.383990Z,LOW RECOVERY,25,LOW,5,1,3,0.5,0.0,0.0,N/A,0,True
2026-05-04T03:09:46.546294Z,LOW LOAD,20,LOW,3,1,3,0.5,0.0,0.0,N/A,0,True
2026-05-04T03:09:57.695248Z,NORMAL LOAD,55,NORMAL,3,3,1,0.1357142857142857,3.33,66.6,N/A,0,True
2026-05-04T03:10:08.803795Z,HIGH LOAD,85,HIGH,2,5,1,0.11176470588235293,0.0,0.0,N/A,0,True
2026-05-04T03:10:19.940065Z,HIGH LOAD NO DELAY,90,HIGH,3,5,0,0.0,0.0,0.0,N/A,0,True
2026-05-04T03:10:31.065072Z,LOW RECOVERY,25,LOW,5,1,3,0.5,0.0,0.0,N/A,0,True
2026-05-04T03:10:42.220958Z,LOW LOAD,20,LOW,3,1,3,0.5,0.0,0.0,N/A,0,True
2026-05-04T03:10:53.355508Z,NORMAL LOAD,55,NORMAL,3,3,1,0.1357142857142857,3.33,66.6,N/A,0,True
2026-05-04T03:11:04.511414Z,HIGH LOAD,85,HIGH,2,5,1,0.11176470588235293,0.0,0.0,N/A,0,True
2026-05-04T03:11:15.648038Z,HIGH LOAD NO DELAY,90,HIGH,3,5,0,0.0,0.0,0.0,N/A,0,True
2026-05-04T03:11:26.735808Z,LOW RECOVERY,25,LOW,5,1,3,0.5,0.0,0.0,N/A,0,True
2026-05-04T03:11:37.880071Z,LOW LOAD,20,LOW,3,1,3,0.5,0.0,0.0,N/A,0,True
2026-05-04T03:11:49.006783Z,NORMAL LOAD,55,NORMAL,3,3,1,0.1357142857142857,3.33,66.6,N/A,0,True
2026-05-04T03:12:00.174758Z,HIGH LOAD,85,HIGH,2,5,1,0.11176470588235293,0.0,0.0,N/A,0,True
2026-05-04T03:12:11.285295Z,HIGH LOAD NO DELAY,90,HIGH,3,5,0,0.0,0.0,0.0,N/A,0,True
2026-05-04T03:12:22.436708Z,LOW RECOVERY,25,LOW,5,1,3,0.5,0.0,0.0,N/A,0,True
2026-05-04T03:12:33.597039Z,LOW LOAD,20,LOW,3,1,3,0.5,0.0,0.0,N/A,0,True
2026-05-04T03:12:44.704171Z,NORMAL LOAD,55,NORMAL,3,3,1,0.1357142857142857,3.33,66.6,N/A,0,True
2026-05-04T03:12:55.870958Z,HIGH LOAD,85,HIGH,2,5,1,0.11176470588235293,0.0,0.0,N/A,0,True
2026-05-04T03:13:07.024410Z,HIGH LOAD NO DELAY,90,HIGH,3,5,0,0.0,0.0,0.0,N/A,0,True
2026-05-04T03:13:18.199256Z,LOW RECOVERY,25,LOW,5,1,3,0.5,0.0,0.0,N/A,0,True
2026-05-04T03:13:29.337889Z,LOW LOAD,20,LOW,3,1,3,0.5,0.0,0.0,N/A,0,True
2026-05-04T03:13:40.515824Z,NORMAL LOAD,55,NORMAL,3,3,1,0.1357142857142857,3.33,66.6,N/A,0,True
2026-05-04T03:13:51.677462Z,HIGH LOAD,85,HIGH,2,5,1,0.11176470588235293,0.0,0.0,N/A,0,True
2026-05-04T03:14:02.793080Z,HIGH LOAD NO DELAY,90,HIGH,3,5,0,0.0,0.0,0.0,N/A,0,True
2026-05-04T03:14:13.987027Z,LOW RECOVERY,25,LOW,5,1,3,0.5,0.0,0.0,N/A,0,True
2026-05-04T03:14:25.211922Z,LOW LOAD,20,LOW,3,1,3,0.5,0.0,0.0,N/A,0,True
2026-05-04T03:14:36.337974Z,NORMAL LOAD,55,NORMAL,3,3,1,0.1357142857142857,3.33,66.6,N/A,0,True
2026-05-04T03:14:47.512054Z,HIGH LOAD,85,HIGH,2,5,1,0.11176470588235293,0.0,0.0,N/A,0,True
2026-05-04T03:14:58.633767Z,HIGH LOAD NO DELAY,90,HIGH,3,5,0,0.0,0.0,0.0,N/A,0,True
2026-05-04T03:15:09.761037Z,LOW RECOVERY,25,LOW,5,1,3,0.5,0.0,0.0,N/A,0,True
2026-05-04T03:15:20.927254Z,LOW LOAD,20,LOW,3,1,3,0.5,0.0,0.0,N/A,0,True
2026-05-04T03:15:32.050242Z,NORMAL LOAD,55,NORMAL,3,3,1,0.1357142857142857,3.33,66.6,N/A,0,True
2026-05-04T03:15:43.181835Z,HIGH LOAD,85,HIGH,2,5,1,0.11176470588235293,0.0,0.0,N/A,0,True
2026-05-04T03:15:54.395261Z,HIGH LOAD NO DELAY,90,HIGH,3,5,0,0.0,0.0,0.0,N/A,0,True
2026-05-04T03:16:05.502237Z,LOW RECOVERY,25,LOW,5,1,3,0.5,0.0,0.0,N/A,0,True
2026-05-04T03:16:16.665419Z,LOW LOAD,20,LOW,3,1,3,0.5,0.0,0.0,N/A,0,True
2026-05-04T03:16:27.800224Z,NORMAL LOAD,55,NORMAL,3,3,1,0.1357142857142857,3.33,66.6,N/A,0,True
2026-05-04T03:16:38.914736Z,HIGH LOAD,85,HIGH,2,5,1,0.11176470588235293,0.0,0.0,N/A,0,True
2026-05-04T03:16:50.046732Z,HIGH LOAD NO DELAY,90,HIGH,3,5,0,0.0,0.0,0.0,N/A,0,True
2026-05-04T03:17:01.176894Z,LOW RECOVERY,25,LOW,5,1,3,0.5,0.0,0.0,N/A,0,True
2026-05-04T03:17:12.317714Z,LOW LOAD,20,LOW,3,1,3,0.5,0.0,0.0,N/A,0,True
2026-05-04T03:17:23.433223Z,NORMAL LOAD,55,NORMAL,3,3,1,0.1357142857142857,3.33,66.6,N/A,0,True
2026-05-04T03:17:34.604582Z,HIGH LOAD,85,HIGH,2,5,1,0.11176470588235293,0.0,0.0,N/A,0,True
2026-05-04T03:17:45.775211Z,HIGH LOAD NO DELAY,90,HIGH,3,5,0,0.0,0.0,0.0,N/A,0,True
2026-05-04T03:17:56.933497Z,LOW RECOVERY,25,LOW,5,1,3,0.5,0.0,0.0,N/A,0,True
2026-05-04T03:18:08.113377Z,LOW LOAD,20,LOW,3,1,3,0.5,0.0,0.0,N/A,0,True
2026-05-04T03:18:19.290075Z,NORMAL LOAD,55,NORMAL,3,3,1,0.1357142857142857,3.33,66.6,N/A,0,True
2026-05-04T03:18:30.423197Z,HIGH LOAD,85,HIGH,2,5,1,0.11176470588235293,0.0,0.0,N/A,0,True
2026-05-04T03:18:41.628740Z,HIGH LOAD NO DELAY,90,HIGH,3,5,0,0.0,0.0,0.0,N/A,0,True
2026-05-04T03:18:52.796698Z,LOW RECOVERY,25,LOW,5,1,3,0.5,0.0,0.0,N/A,0,True
2026-05-04T03:19:03.950972Z,LOW LOAD,20,LOW,3,1,3,0.5,0.0,0.0,N/A,0,True
2026-05-04T03:19:15.127964Z,NORMAL LOAD,55,NORMAL,3,3,1,0.1357142857142857,3.33,66.6,N/A,0,True
2026-05-04T03:19:26.372117Z,HIGH LOAD,85,HIGH,2,5,1,0.11176470588235293,0.0,0.0,N/A,0,True
2026-05-04T03:19:37.583227Z,HIGH LOAD NO DELAY,90,HIGH,3,5,0,0.0,0.0,0.0,N/A,0,True
2026-05-04T03:19:48.795285Z,LOW RECOVERY,25,LOW,5,1,3,0.5,0.0,0.0,N/A,0,True
2026-05-04T03:19:59.990300Z,LOW LOAD,20,LOW,3,1,3,0.5,0.0,0.0,N/A,0,True
2026-05-04T03:20:11.144914Z,NORMAL LOAD,55,NORMAL,3,3,1,0.1357142857142857,3.33,66.6,N/A,0,True
2026-05-04T03:20:22.285930Z,HIGH LOAD,85,HIGH,2,5,1,0.11176470588235293,0.0,0.0,N/A,0,True
2026-05-04T03:20:33.401739Z,HIGH LOAD NO DELAY,90,HIGH,3,5,0,0.0,0.0,0.0,N/A,0,True
2026-05-04T03:20:44.605647Z,LOW RECOVERY,25,LOW,5,1,3,0.5,0.0,0.0,N/A,0,True
2026-05-04T03:20:55.787790Z,LOW LOAD,20,LOW,3,1,3,0.5,0.0,0.0,N/A,0,True
2026-05-04T03:21:06.965977Z,NORMAL LOAD,55,NORMAL,3,3,1,0.1357142857142857,3.33,66.6,N/A,0,True
2026-05-04T03:21:18.141250Z,HIGH LOAD,85,HIGH,2,5,1,0.11176470588235293,0.0,0.0,N/A,0,True
2026-05-04T03:21:29.302501Z,HIGH LOAD NO DELAY,90,HIGH,3,5,0,0.0,0.0,0.0,N/A,0,True
2026-05-04T03:21:40.476711Z,LOW RECOVERY,25,LOW,5,1,3,0.5,0.0,0.0,N/A,0,True
2026-05-04T03:21:51.645886Z,LOW LOAD,20,LOW,3,1,3,0.5,0.0,0.0,N/A,0,True
2026-05-04T03:22:02.849874Z,NORMAL LOAD,55,NORMAL,3,3,1,0.1357142857142857,3.33,66.6,N/A,0,True
2026-05-04T03:22:14.077480Z,HIGH LOAD,85,HIGH,2,5,1,0.11176470588235293,0.0,0.0,N/A,0,True
2026-05-04T03:22:25.263546Z,HIGH LOAD NO DELAY,90,HIGH,3,5,0,0.0,0.0,0.0,N/A,0,True
2026-05-04T03:22:36.453967Z,LOW RECOVERY,25,LOW,5,1,3,0.5,0.0,0.0,N/A,0,True
2026-05-04T03:22:47.617822Z,LOW LOAD,20,LOW,3,1,3,0.5,0.0,0.0,N/A,0,True
2026-05-04T03:22:58.781759Z,NORMAL LOAD,55,NORMAL,3,3,1,0.1357142857142857,3.33,66.6,N/A,0,True
2026-05-04T03:23:09.957802Z,HIGH LOAD,85,HIGH,2,5,1,0.11176470588235293,0.0,0.0,N/A,0,True
2026-05-04T03:23:21.072500Z,HIGH LOAD NO DELAY,90,HIGH,3,5,0,0.0,0.0,0.0,N/A,0,True
2026-05-04T03:23:32.284863Z,LOW RECOVERY,25,LOW,5,1,3,0.5,0.0,0.0,N/A,0,True
2026-05-04T03:23:43.472800Z,LOW LOAD,20,LOW,3,1,3,0.5,0.0,0.0,N/A,0,True
2026-05-04T03:23:54.631565Z,NORMAL LOAD,55,NORMAL,3,3,1,0.1357142857142857,3.33,66.6,N/A,0,True
2026-05-04T03:24:05.799857Z,HIGH LOAD,85,HIGH,2,5,1,0.11176470588235293,0.0,0.0,N/A,0,True
2026-05-04T03:24:16.989327Z,HIGH LOAD NO DELAY,90,HIGH,3,5,0,0.0,0.0,0.0,N/A,0,True
2026-05-04T03:24:28.196906Z,LOW RECOVERY,25,LOW,5,1,3,0.5,0.0,0.0,N/A,0,True
2026-05-04T03:24:39.394892Z,LOW LOAD,20,LOW,3,1,3,0.5,0.0,0.0,N/A,0,True
2026-05-04T03:24:50.552103Z,NORMAL LOAD,55,NORMAL,3,3,1,0.1357142857142857,3.33,66.6,N/A,0,True
2026-05-04T03:25:01.746833Z,HIGH LOAD,85,HIGH,2,5,1,0.11176470588235293,0.0,0.0,N/A,0,True
2026-05-04T03:25:12.915336Z,HIGH LOAD NO DELAY,90,HIGH,3,5,0,0.0,0.0,0.0,N/A,0,True
2026-05-04T03:25:24.112910Z,LOW RECOVERY,25,LOW,5,1,3,0.5,0.0,0.0,N/A,0,True
2026-05-04T03:25:35.300657Z,LOW LOAD,20,LOW,3,1,3,0.5,0.0,0.0,N/A,0,True
2026-05-04T03:25:46.490075Z,NORMAL LOAD,55,NORMAL,3,3,1,0.1357142857142857,3.33,66.6,N/A,0,True
2026-05-04T03:25:57.658036Z,HIGH LOAD,85,HIGH,2,5,1,0.11176470588235293,0.0,0.0,N/A,0,True
2026-05-04T03:26:08.852146Z,HIGH LOAD NO DELAY,90,HIGH,3,5,0,0.0,0.0,0.0,N/A,0,True
2026-05-04T03:26:20.068352Z,LOW RECOVERY,25,LOW,5,1,3,0.5,0.0,0.0,N/A,0,True
2026-05-04T03:26:31.257586Z,LOW LOAD,20,LOW,3,1,3,0.5,0.0,0.0,N/A,0,True
2026-05-04T03:26:42.421412Z,NORMAL LOAD,55,NORMAL,3,3,1,0.1357142857142857,3.33,66.6,N/A,0,True
2026-05-04T03:26:53.583343Z,HIGH LOAD,85,HIGH,2,5,1,0.11176470588235293,0.0,0.0,N/A,0,True
2026-05-04T03:27:04.731837Z,HIGH LOAD NO DELAY,90,HIGH,3,5,0,0.0,0.0,0.0,N/A,0,True
2026-05-04T03:27:15.903370Z,LOW RECOVERY,25,LOW,5,1,3,0.5,0.0,0.0,N/A,0,True
2026-05-04T03:27:27.044555Z,LOW LOAD,20,LOW,3,1,3,0.5,0.0,0.0,N/A,0,True
2026-05-04T03:27:38.172489Z,NORMAL LOAD,55,NORMAL,3,3,1,0.1357142857142857,3.33,66.6,N/A,0,True
2026-05-04T03:27:49.354766Z,HIGH LOAD,85,HIGH,2,5,1,0.11176470588235293,0.0,0.0,N/A,0,True
2026-05-04T03:28:00.548480Z,HIGH LOAD NO DELAY,90,HIGH,3,5,0,0.0,0.0,0.0,N/A,0,True
2026-05-04T03:28:11.724247Z,LOW RECOVERY,25,LOW,5,1,3,0.5,0.0,0.0,N/A,0,True
2026-05-04T03:28:22.860500Z,LOW LOAD,20,LOW,3,1,3,0.5,0.0,0.0,N/A,0,True
2026-05-04T03:28:34.025352Z,NORMAL LOAD,55,NORMAL,3,3,1,0.1357142857142857,3.33,66.6,N/A,0,True
2026-05-04T03:28:45.207074Z,HIGH LOAD,85,HIGH,2,5,1,0.11176470588235293,0.0,0.0,N/A,0,True
2026-05-04T03:28:56.390904Z,HIGH LOAD NO DELAY,90,HIGH,3,5,0,0.0,0.0,0.0,N/A,0,True
2026-05-04T03:29:07.517432Z,LOW RECOVERY,25,LOW,5,1,3,0.5,0.0,0.0,N/A,0,True
2026-05-04T03:29:18.705145Z,LOW LOAD,20,LOW,3,1,3,0.5,0.0,0.0,N/A,0,True
2026-05-04T03:29:29.876899Z,NORMAL LOAD,55,NORMAL,3,3,1,0.1357142857142857,3.33,66.6,N/A,0,True
2026-05-04T03:29:41.044100Z,HIGH LOAD,85,HIGH,2,5,1,0.11176470588235293,0.0,0.0,N/A,0,True
2026-05-04T03:29:52.238714Z,HIGH LOAD NO DELAY,90,HIGH,3,5,0,0.0,0.0,0.0,N/A,0,True
2026-05-04T03:30:03.402945Z,LOW RECOVERY,25,LOW,5,1,3,0.5,0.0,0.0,N/A,0,True
2026-05-04T03:30:14.606427Z,LOW LOAD,20,LOW,3,1,3,0.5,0.0,0.0,N/A,0,True
2026-05-04T03:30:25.735950Z,NORMAL LOAD,55,NORMAL,3,3,1,0.1357142857142857,3.33,66.6,N/A,0,True
2026-05-04T03:30:36.928076Z,HIGH LOAD,85,HIGH,2,5,1,0.11176470588235293,0.0,0.0,N/A,0,True
2026-05-04T03:30:48.117418Z,HIGH LOAD NO DELAY,90,HIGH,3,5,0,0.0,0.0,0.0,N/A,0,True
2026-05-04T03:30:59.280181Z,LOW RECOVERY,25,LOW,5,1,3,0.5,0.0,0.0,N/A,0,True
2026-05-04T03:31:10.485921Z,LOW LOAD,20,LOW,3,1,3,0.5,0.0,0.0,N/A,0,True
2026-05-04T03:31:21.708098Z,NORMAL LOAD,55,NORMAL,3,3,1,0.1357142857142857,3.33,66.6,N/A,0,True
2026-05-04T03:31:32.880198Z,HIGH LOAD,85,HIGH,2,5,1,0.11176470588235293,0.0,0.0,N/A,0,True
2026-05-04T03:31:44.040735Z,HIGH LOAD NO DELAY,90,HIGH,3,5,0,0.0,0.0,0.0,N/A,0,True
2026-05-04T03:31:55.158685Z,LOW RECOVERY,25,LOW,5,1,3,0.5,0.0,0.0,N/A,0,True
2026-05-04T03:32:06.399208Z,LOW LOAD,20,LOW,3,1,3,0.5,0.0,0.0,N/A,0,True
2026-05-04T03:32:17.566747Z,NORMAL LOAD,55,NORMAL,3,3,1,0.1357142857142857,3.33,66.6,N/A,0,True
2026-05-04T03:32:28.731829Z,HIGH LOAD,85,HIGH,2,5,1,0.11176470588235293,0.0,0.0,N/A,0,True
2026-05-04T03:32:39.925705Z,HIGH LOAD NO DELAY,90,HIGH,3,5,0,0.0,0.0,0.0,N/A,0,True
2026-05-04T03:32:51.111570Z,LOW RECOVERY,25,LOW,5,1,3,0.5,0.0,0.0,N/A,0,True
2026-05-04T03:33:02.283189Z,LOW LOAD,20,LOW,3,1,3,0.5,0.0,0.0,N/A,0,True
2026-05-04T03:33:13.383977Z,NORMAL LOAD,55,NORMAL,3,3,1,0.1357142857142857,3.33,66.6,N/A,0,True
2026-05-04T03:33:24.553534Z,HIGH LOAD,85,HIGH,2,5,1,0.11176470588235293,0.0,0.0,N/A,0,True
2026-05-04T03:33:35.698106Z,HIGH LOAD NO DELAY,90,HIGH,3,5,0,0.0,0.0,0.0,N/A,0,True
2026-05-04T03:33:46.848414Z,LOW RECOVERY,25,LOW,5,1,3,0.5,0.0,0.0,N/A,0,True
2026-05-04T03:33:58.027862Z,LOW LOAD,20,LOW,3,1,3,0.5,0.0,0.0,N/A,0,True
2026-05-04T03:34:09.155079Z,NORMAL LOAD,55,NORMAL,3,3,1,0.1357142857142857,3.33,66.6,N/A,0,True
2026-05-04T03:34:20.290662Z,HIGH LOAD,85,HIGH,2,5,1,0.11176470588235293,0.0,0.0,N/A,0,True
2026-05-04T03:34:31.418376Z,HIGH LOAD NO DELAY,90,HIGH,3,5,0,0.0,0.0,0.0,N/A,0,True
2026-05-04T03:34:42.539240Z,LOW RECOVERY,25,LOW,5,1,3,0.5,0.0,0.0,N/A,0,True
2026-05-04T03:34:53.663239Z,LOW LOAD,20,LOW,3,1,3,0.5,0.0,0.0,N/A,0,True
2026-05-04T03:35:04.808216Z,NORMAL LOAD,55,NORMAL,3,3,1,0.1357142857142857,3.33,66.6,N/A,0,True
2026-05-04T03:35:15.963087Z,HIGH LOAD,85,HIGH,2,5,1,0.11176470588235293,0.0,0.0,N/A,0,True
2026-05-04T03:35:27.133468Z,HIGH LOAD NO DELAY,90,HIGH,3,5,0,0.0,0.0,0.0,N/A,0,True
2026-05-04T03:35:38.258701Z,LOW RECOVERY,25,LOW,5,1,3,0.5,0.0,0.0,N/A,0,True
2026-05-04T03:35:49.402072Z,LOW LOAD,20,LOW,3,1,3,0.5,0.0,0.0,N/A,0,True
2026-05-04T03:36:00.516410Z,NORMAL LOAD,55,NORMAL,3,3,1,0.1357142857142857,3.33,66.6,N/A,0,True
2026-05-04T03:36:11.666870Z,HIGH LOAD,85,HIGH,2,5,1,0.11176470588235293,0.0,0.0,N/A,0,True
2026-05-04T03:36:22.804972Z,HIGH LOAD NO DELAY,90,HIGH,3,5,0,0.0,0.0,0.0,N/A,0,True
2026-05-04T03:36:33.970001Z,LOW RECOVERY,25,LOW,5,1,3,0.5,0.0,0.0,N/A,0,True
2026-05-04T03:36:45.139944Z,LOW LOAD,20,LOW,3,1,3,0.5,0.0,0.0,N/A,0,True
2026-05-04T03:36:56.269048Z,NORMAL LOAD,55,NORMAL,3,3,1,0.1357142857142857,3.33,66.6,N/A,0,True
2026-05-04T03:37:07.378974Z,HIGH LOAD,85,HIGH,2,5,1,0.11176470588235293,0.0,0.0,N/A,0,True
2026-05-04T03:37:18.502543Z,HIGH LOAD NO DELAY,90,HIGH,3,5,0,0.0,0.0,0.0,N/A,0,True
2026-05-04T03:37:29.612080Z,LOW RECOVERY,25,LOW,5,1,3,0.5,0.0,0.0,N/A,0,True
2026-05-04T03:37:40.726215Z,LOW LOAD,20,LOW,3,1,3,0.5,0.0,0.0,N/A,0,True
2026-05-04T03:37:51.843968Z,NORMAL LOAD,55,NORMAL,3,3,1,0.1357142857142857,3.33,66.6,N/A,0,True
2026-05-04T03:38:02.973826Z,HIGH LOAD,85,HIGH,2,5,1,0.11176470588235293,0.0,0.0,N/A,0,True
2026-05-04T03:38:14.124243Z,HIGH LOAD NO DELAY,90,HIGH,3,5,0,0.0,0.0,0.0,N/A,0,True
2026-05-04T03:38:25.262934Z,LOW RECOVERY,25,LOW,5,1,3,0.5,0.0,0.0,N/A,0,True
2026-05-04T03:38:36.394062Z,LOW LOAD,20,LOW,3,1,3,0.5,0.0,0.0,N/A,0,True
2026-05-04T03:38:47.541495Z,NORMAL LOAD,55,NORMAL,3,3,1,0.1357142857142857,3.33,66.6,N/A,0,True
2026-05-04T03:38:58.655838Z,HIGH LOAD,85,HIGH,2,5,1,0.11176470588235293,0.0,0.0,N/A,0,True
2026-05-04T03:39:09.827234Z,HIGH LOAD NO DELAY,90,HIGH,3,5,0,0.0,0.0,0.0,N/A,0,True
2026-05-04T03:39:20.988408Z,LOW RECOVERY,25,LOW,5,1,3,0.5,0.0,0.0,N/A,0,True
2026-05-04T03:39:32.133744Z,LOW LOAD,20,LOW,3,1,3,0.5,0.0,0.0,N/A,0,True
2026-05-04T03:39:43.249659Z,NORMAL LOAD,55,NORMAL,3,3,1,0.1357142857142857,3.33,66.6,N/A,0,True
2026-05-04T03:39:54.377707Z,HIGH LOAD,85,HIGH,2,5,1,0.11176470588235293,0.0,0.0,N/A,0,True
2026-05-04T03:40:05.530005Z,HIGH LOAD NO DELAY,90,HIGH,3,5,0,0.0,0.0,0.0,N/A,0,True
2026-05-04T03:40:16.651500Z,LOW RECOVERY,25,LOW,5,1,3,0.5,0.0,0.0,N/A,0,True
2026-05-04T03:40:27.784257Z,LOW LOAD,20,LOW,3,1,3,0.5,0.0,0.0,N/A,0,True
2026-05-04T03:40:38.996209Z,NORMAL LOAD,55,NORMAL,3,3,1,0.1357142857142857,3.33,66.6,N/A,0,True
2026-05-04T03:40:50.117951Z,HIGH LOAD,85,HIGH,2,5,1,0.11176470588235293,0.0,0.0,N/A,0,True
2026-05-04T03:41:01.247059Z,HIGH LOAD NO DELAY,90,HIGH,3,5,0,0.0,0.0,0.0,N/A,0,True
2026-05-04T03:41:12.403570Z,LOW RECOVERY,25,LOW,5,1,3,0.5,0.0,0.0,N/A,0,True
2026-05-04T03:41:23.519592Z,LOW LOAD,20,LOW,3,1,3,0.5,0.0,0.0,N/A,0,True
2026-05-04T03:41:34.682031Z,NORMAL LOAD,55,NORMAL,3,3,1,0.1357142857142857,3.33,66.6,N/A,0,True
2026-05-04T03:41:45.844305Z,HIGH LOAD,85,HIGH,2,5,1,0.11176470588235293,0.0,0.0,N/A,0,True
2026-05-04T03:41:57.024726Z,HIGH LOAD NO DELAY,90,HIGH,3,5,0,0.0,0.0,0.0,N/A,0,True
2026-05-04T03:42:08.176454Z,LOW RECOVERY,25,LOW,5,1,3,0.5,0.0,0.0,N/A,0,True
2026-05-04T03:42:19.328808Z,LOW LOAD,20,LOW,3,1,3,0.5,0.0,0.0,N/A,0,True
2026-05-04T03:42:30.478222Z,NORMAL LOAD,55,NORMAL,3,3,1,0.1357142857142857,3.33,66.6,N/A,0,True
2026-05-04T03:42:41.617705Z,HIGH LOAD,85,HIGH,2,5,1,0.11176470588235293,0.0,0.0,N/A,0,True
2026-05-04T03:42:52.764958Z,HIGH LOAD NO DELAY,90,HIGH,3,5,0,0.0,0.0,0.0,N/A,0,True
2026-05-04T03:43:03.877741Z,LOW RECOVERY,25,LOW,5,1,3,0.5,0.0,0.0,N/A,0,True
2026-05-04T03:43:14.988016Z,LOW LOAD,20,LOW,3,1,3,0.5,0.0,0.0,N/A,0,True
2026-05-04T03:43:26.123236Z,NORMAL LOAD,55,NORMAL,3,3,1,0.1357142857142857,3.33,66.6,N/A,0,True
2026-05-04T03:43:37.273465Z,HIGH LOAD,85,HIGH,2,5,1,0.11176470588235293,0.0,0.0,N/A,0,True
2026-05-04T03:43:48.406614Z,HIGH LOAD NO DELAY,90,HIGH,3,5,0,0.0,0.0,0.0,N/A,0,True
2026-05-04T03:43:59.604218Z,LOW RECOVERY,25,LOW,5,1,3,0.5,0.0,0.0,N/A,0,True
2026-05-04T03:44:10.743614Z,LOW LOAD,20,LOW,3,1,3,0.5,0.0,0.0,N/A,0,True
2026-05-04T03:44:21.928874Z,NORMAL LOAD,55,NORMAL,3,3,1,0.1357142857142857,3.33,66.6,N/A,0,True
2026-05-04T03:44:33.069163Z,HIGH LOAD,85,HIGH,2,5,1,0.11176470588235293,0.0,0.0,N/A,0,True
2026-05-04T03:44:44.216415Z,HIGH LOAD NO DELAY,90,HIGH,3,5,0,0.0,0.0,0.0,N/A,0,True
2026-05-04T03:44:55.394691Z,LOW RECOVERY,25,LOW,5,1,3,0.5,0.0,0.0,N/A,0,True
2026-05-04T03:45:06.545054Z,LOW LOAD,20,LOW,3,1,3,0.5,0.0,0.0,N/A,0,True
2026-05-04T03:45:17.680367Z,NORMAL LOAD,55,NORMAL,3,3,1,0.1357142857142857,3.33,66.6,N/A,0,True
2026-05-04T03:45:28.817205Z,HIGH LOAD,85,HIGH,2,5,1,0.11176470588235293,0.0,0.0,N/A,0,True
2026-05-04T03:45:39.960287Z,HIGH LOAD NO DELAY,90,HIGH,3,5,0,0.0,0.0,0.0,N/A,0,True
2026-05-04T03:45:51.100038Z,LOW RECOVERY,25,LOW,5,1,3,0.5,0.0,0.0,N/A,0,True
2026-05-04T03:46:02.258485Z,LOW LOAD,20,LOW,3,1,3,0.5,0.0,0.0,N/A,0,True
2026-05-04T03:46:13.371523Z,NORMAL LOAD,55,NORMAL,3,3,1,0.1357142857142857,3.33,66.6,N/A,0,True
2026-05-04T03:46:24.521746Z,HIGH LOAD,85,HIGH,2,5,1,0.11176470588235293,0.0,0.0,N/A,0,True
2026-05-04T03:46:35.724295Z,HIGH LOAD NO DELAY,90,HIGH,3,5,0,0.0,0.0,0.0,N/A,0,True
2026-05-04T03:46:46.904365Z,LOW RECOVERY,25,LOW,5,1,3,0.5,0.0,0.0,N/A,0,True
2026-05-04T03:46:58.061944Z,LOW LOAD,20,LOW,3,1,3,0.5,0.0,0.0,N/A,0,True
2026-05-04T03:47:09.251225Z,NORMAL LOAD,55,NORMAL,3,3,1,0.1357142857142857,3.33,66.6,N/A,0,True
2026-05-04T03:47:20.437282Z,HIGH LOAD,85,HIGH,2,5,1,0.11176470588235293,0.0,0.0,N/A,0,True
2026-05-04T03:47:31.583583Z,HIGH LOAD NO DELAY,90,HIGH,3,5,0,0.0,0.0,0.0,N/A,0,True
2026-05-04T03:47:42.750530Z,LOW RECOVERY,25,LOW,5,1,3,0.5,0.0,0.0,N/A,0,True
2026-05-04T03:47:53.944730Z,LOW LOAD,20,LOW,3,1,3,0.5,0.0,0.0,N/A,0,True
2026-05-04T03:48:05.121100Z,NORMAL LOAD,55,NORMAL,3,3,1,0.1357142857142857,3.33,66.6,N/A,0,True
2026-05-04T03:48:16.267303Z,HIGH LOAD,85,HIGH,2,5,1,0.11176470588235293,0.0,0.0,N/A,0,True
2026-05-04T03:48:27.445599Z,HIGH LOAD NO DELAY,90,HIGH,3,5,0,0.0,0.0,0.0,N/A,0,True
2026-05-04T03:48:38.564600Z,LOW RECOVERY,25,LOW,5,1,3,0.5,0.0,0.0,N/A,0,True
2026-05-04T03:48:49.729382Z,LOW LOAD,20,LOW,3,1,3,0.5,0.0,0.0,N/A,0,True
2026-05-04T03:49:00.896722Z,NORMAL LOAD,55,NORMAL,3,3,1,0.1357142857142857,3.33,66.6,N/A,0,True
2026-05-04T03:49:12.057273Z,HIGH LOAD,85,HIGH,2,5,1,0.11176470588235293,0.0,0.0,N/A,0,True
2026-05-04T03:49:23.244352Z,HIGH LOAD NO DELAY,90,HIGH,3,5,0,0.0,0.0,0.0,N/A,0,True
2026-05-04T03:49:34.430206Z,LOW RECOVERY,25,LOW,5,1,3,0.5,0.0,0.0,N/A,0,True
2026-05-04T03:49:45.618799Z,LOW LOAD,20,LOW,3,1,3,0.5,0.0,0.0,N/A,0,True
2026-05-04T03:49:56.849560Z,NORMAL LOAD,55,NORMAL,3,3,1,0.1357142857142857,3.33,66.6,N/A,0,True
2026-05-04T03:50:08.001971Z,HIGH LOAD,85,HIGH,2,5,1,0.11176470588235293,0.0,0.0,N/A,0,True
2026-05-04T03:50:19.147514Z,HIGH LOAD NO DELAY,90,HIGH,3,5,0,0.0,0.0,0.0,N/A,0,True
2026-05-04T03:50:30.322014Z,LOW RECOVERY,25,LOW,5,1,3,0.5,0.0,0.0,N/A,0,True
2026-05-04T03:50:41.476445Z,LOW LOAD,20,LOW,3,1,3,0.5,0.0,0.0,N/A,0,True
2026-05-04T03:50:52.668928Z,NORMAL LOAD,55,NORMAL,3,3,1,0.1357142857142857,3.33,66.6,N/A,0,True
2026-05-04T03:51:03.904756Z,HIGH LOAD,85,HIGH,2,5,1,0.11176470588235293,0.0,0.0,N/A,0,True
2026-05-04T03:51:15.090659Z,HIGH LOAD NO DELAY,90,HIGH,3,5,0,0.0,0.0,0.0,N/A,0,True
2026-05-04T03:51:26.266029Z,LOW RECOVERY,25,LOW,5,1,3,0.5,0.0,0.0,N/A,0,True
2026-05-04T03:51:37.434844Z,LOW LOAD,20,LOW,3,1,3,0.5,0.0,0.0,N/A,0,True
2026-05-04T03:51:48.628879Z,NORMAL LOAD,55,NORMAL,3,3,1,0.1357142857142857,3.33,66.6,N/A,0,True
2026-05-04T03:51:59.869395Z,HIGH LOAD,85,HIGH,2,5,1,0.11176470588235293,0.0,0.0,N/A,0,True
2026-05-04T03:52:11.073763Z,HIGH LOAD NO DELAY,90,HIGH,3,5,0,0.0,0.0,0.0,N/A,0,True
2026-05-04T03:52:22.209147Z,LOW RECOVERY,25,LOW,5,1,3,0.5,0.0,0.0,N/A,0,True
2026-05-04T03:52:33.362868Z,LOW LOAD,20,LOW,3,1,3,0.5,0.0,0.0,N/A,0,True
2026-05-04T03:52:44.602494Z,NORMAL LOAD,55,NORMAL,3,3,1,0.1357142857142857,3.33,66.6,N/A,0,True
2026-05-04T03:52:55.774198Z,HIGH LOAD,85,HIGH,2,5,1,0.11176470588235293,0.0,0.0,N/A,0,True
2026-05-04T03:53:06.918720Z,HIGH LOAD NO DELAY,90,HIGH,3,5,0,0.0,0.0,0.0,N/A,0,True
2026-05-04T03:53:18.072790Z,LOW RECOVERY,25,LOW,5,1,3,0.5,0.0,0.0,N/A,0,True
2026-05-04T03:53:29.196642Z,LOW LOAD,20,LOW,3,1,3,0.5,0.0,0.0,N/A,0,True
2026-05-04T03:53:40.316352Z,NORMAL LOAD,55,NORMAL,3,3,1,0.1357142857142857,3.33,66.6,N/A,0,True
2026-05-04T03:53:51.455359Z,HIGH LOAD,85,HIGH,2,5,1,0.11176470588235293,0.0,0.0,N/A,0,True
2026-05-04T03:54:02.571843Z,HIGH LOAD NO DELAY,90,HIGH,3,5,0,0.0,0.0,0.0,N/A,0,True
2026-05-04T03:54:13.741020Z,LOW RECOVERY,25,LOW,5,1,3,0.5,0.0,0.0,N/A,0,True
2026-05-04T03:54:24.843370Z,LOW LOAD,20,LOW,3,1,3,0.5,0.0,0.0,N/A,0,True
2026-05-04T03:54:35.990959Z,NORMAL LOAD,55,NORMAL,3,3,1,0.1357142857142857,3.33,66.6,N/A,0,True
2026-05-04T03:54:47.187068Z,HIGH LOAD,85,HIGH,2,5,1,0.11176470588235293,0.0,0.0,N/A,0,True
2026-05-04T03:54:58.299602Z,HIGH LOAD NO DELAY,90,HIGH,3,5,0,0.0,0.0,0.0,N/A,0,True
2026-05-04T03:55:09.436824Z,LOW RECOVERY,25,LOW,5,1,3,0.5,0.0,0.0,N/A,0,True
2026-05-04T03:55:20.584544Z,LOW LOAD,20,LOW,3,1,3,0.5,0.0,0.0,N/A,0,True
2026-05-04T03:55:31.703149Z,NORMAL LOAD,55,NORMAL,3,3,1,0.1357142857142857,3.33,66.6,N/A,0,True
2026-05-04T03:55:42.836479Z,HIGH LOAD,85,HIGH,2,5,1,0.11176470588235293,0.0,0.0,N/A,0,True
2026-05-04T03:55:53.956265Z,HIGH LOAD NO DELAY,90,HIGH,3,5,0,0.0,0.0,0.0,N/A,0,True
2026-05-04T03:56:05.096540Z,LOW RECOVERY,25,LOW,5,1,3,0.5,0.0,0.0,N/A,0,True
2026-05-04T03:56:16.210693Z,LOW LOAD,20,LOW,3,1,3,0.5,0.0,0.0,N/A,0,True
2026-05-04T03:56:27.326723Z,NORMAL LOAD,55,NORMAL,3,3,1,0.1357142857142857,3.33,66.6,N/A,0,True
2026-05-04T03:56:38.483662Z,HIGH LOAD,85,HIGH,2,5,1,0.11176470588235293,0.0,0.0,N/A,0,True
2026-05-04T03:56:49.578629Z,HIGH LOAD NO DELAY,90,HIGH,3,5,0,0.0,0.0,0.0,N/A,0,True
2026-05-04T03:57:00.710133Z,LOW RECOVERY,25,LOW,5,1,3,0.5,0.0,0.0,N/A,0,True
2026-05-04T03:57:11.846899Z,LOW LOAD,20,LOW,3,1,3,0.5,0.0,0.0,N/A,0,True
2026-05-04T03:57:22.967476Z,NORMAL LOAD,55,NORMAL,3,3,1,0.1357142857142857,3.33,66.6,N/A,0,True
2026-05-04T03:57:34.102098Z,HIGH LOAD,85,HIGH,2,5,1,0.11176470588235293,0.0,0.0,N/A,0,True
2026-05-04T03:57:45.204723Z,HIGH LOAD NO DELAY,90,HIGH,3,5,0,0.0,0.0,0.0,N/A,0,True
2026-05-04T03:57:56.345373Z,LOW RECOVERY,25,LOW,5,1,3,0.5,0.0,0.0,N/A,0,True
2026-05-04T03:58:07.467290Z,LOW LOAD,20,LOW,3,1,3,0.5,0.0,0.0,N/A,0,True
2026-05-04T03:58:18.598961Z,NORMAL LOAD,55,NORMAL,3,3,1,0.1357142857142857,3.33,66.6,N/A,0,True
2026-05-04T03:58:29.701691Z,HIGH LOAD,85,HIGH,2,5,1,0.11176470588235293,0.0,0.0,N/A,0,True
2026-05-04T03:58:40.834910Z,HIGH LOAD NO DELAY,90,HIGH,3,5,0,0.0,0.0,0.0,N/A,0,True
2026-05-04T03:58:52.028488Z,LOW RECOVERY,25,LOW,5,1,3,0.5,0.0,0.0,N/A,0,True
2026-05-04T03:59:03.196565Z,LOW LOAD,20,LOW,3,1,3,0.5,0.0,0.0,N/A,0,True
2026-05-04T03:59:14.329869Z,NORMAL LOAD,55,NORMAL,3,3,1,0.1357142857142857,3.33,66.6,N/A,0,True
2026-05-04T03:59:25.482284Z,HIGH LOAD,85,HIGH,2,5,1,0.11176470588235293,0.0,0.0,N/A,0,True
2026-05-04T03:59:36.679458Z,HIGH LOAD NO DELAY,90,HIGH,3,5,0,0.0,0.0,0.0,N/A,0,True
2026-05-04T03:59:47.902368Z,LOW RECOVERY,25,LOW,5,1,3,0.5,0.0,0.0,N/A,0,True
2026-05-04T03:59:59.050567Z,LOW LOAD,20,LOW,3,1,3,0.5,0.0,0.0,N/A,0,True
2026-05-04T04:00:10.222283Z,NORMAL LOAD,55,NORMAL,3,3,1,0.1357142857142857,3.33,66.6,N/A,0,True
2026-05-04T04:00:21.461258Z,HIGH LOAD,85,HIGH,2,5,1,0.11176470588235293,0.0,0.0,N/A,0,True
2026-05-04T04:00:32.787267Z,HIGH LOAD NO DELAY,90,HIGH,3,5,0,0.0,0.0,0.0,N/A,0,True
2026-05-04T04:00:44.166856Z,LOW RECOVERY,25,LOW,5,1,3,0.5,0.0,0.0,N/A,0,True
2026-05-04T04:00:55.412869Z,LOW LOAD,20,LOW,3,1,3,0.5,0.0,0.0,N/A,0,True
2026-05-04T04:01:06.556021Z,NORMAL LOAD,55,NORMAL,3,3,1,0.1357142857142857,3.33,66.6,N/A,0,True
2026-05-04T04:01:17.832380Z,HIGH LOAD,85,HIGH,2,5,1,0.11176470588235293,0.0,0.0,N/A,0,True
2026-05-04T04:01:29.056645Z,HIGH LOAD NO DELAY,90,HIGH,3,5,0,0.0,0.0,0.0,N/A,0,True
2026-05-04T04:01:40.818454Z,LOW RECOVERY,25,LOW,5,1,3,0.5,0.0,0.0,N/A,0,True
2026-05-04T04:01:52.523461Z,LOW LOAD,20,LOW,3,1,3,0.5,0.0,0.0,N/A,0,True
2026-05-04T04:02:03.764433Z,NORMAL LOAD,55,NORMAL,3,3,1,0.1357142857142857,3.33,66.6,N/A,0,True
2026-05-04T04:02:14.911869Z,HIGH LOAD,85,HIGH,2,5,1,0.11176470588235293,0.0,0.0,N/A,0,True
2026-05-04T04:02:29.378594Z,HIGH LOAD NO DELAY,90,HIGH,3,5,0,0.0,0.0,0.0,N/A,0,True
2026-05-04T04:02:41.190366Z,LOW RECOVERY,25,LOW,5,1,3,0.5,0.0,0.0,N/A,0,True
2026-05-04T04:02:53.042057Z,LOW LOAD,20,LOW,3,1,3,0.5,0.0,0.0,N/A,0,True
2026-05-04T04:03:04.528252Z,NORMAL LOAD,55,NORMAL,3,3,1,0.1357142857142857,3.33,66.6,N/A,0,True
2026-05-04T04:03:15.931122Z,HIGH LOAD,85,HIGH,2,5,1,0.11176470588235293,0.0,0.0,N/A,0,True
2026-05-04T04:03:27.095422Z,HIGH LOAD NO DELAY,90,HIGH,3,5,0,0.0,0.0,0.0,N/A,0,True
2026-05-04T04:03:38.277477Z,LOW RECOVERY,25,LOW,5,1,3,0.5,0.0,0.0,N/A,0,True
2026-05-04T04:03:49.428182Z,LOW LOAD,20,LOW,3,1,3,0.5,0.0,0.0,N/A,0,True
2026-05-04T04:04:00.573074Z,NORMAL LOAD,55,NORMAL,3,3,1,0.1357142857142857,3.33,66.6,N/A,0,True
2026-05-04T04:04:11.733068Z,HIGH LOAD,85,HIGH,2,5,1,0.11176470588235293,0.0,0.0,N/A,0,True
2026-05-04T04:04:22.882278Z,HIGH LOAD NO DELAY,90,HIGH,3,5,0,0.0,0.0,0.0,N/A,0,True
2026-05-04T04:04:34.042065Z,LOW RECOVERY,25,LOW,5,1,3,0.5,0.0,0.0,N/A,0,True
2026-05-04T04:04:45.186675Z,LOW LOAD,20,LOW,3,1,3,0.5,0.0,0.0,N/A,0,True
2026-05-04T04:04:56.384083Z,NORMAL LOAD,55,NORMAL,3,3,1,0.1357142857142857,3.33,66.6,N/A,0,True
2026-05-04T04:05:07.516292Z,HIGH LOAD,85,HIGH,2,5,1,0.11176470588235293,0.0,0.0,N/A,0,True
2026-05-04T04:05:18.661304Z,HIGH LOAD NO DELAY,90,HIGH,3,5,0,0.0,0.0,0.0,N/A,0,True
2026-05-04T04:05:29.815469Z,LOW RECOVERY,25,LOW,5,1,3,0.5,0.0,0.0,N/A,0,True
2026-05-04T04:05:41.020707Z,LOW LOAD,20,LOW,3,1,3,0.5,0.0,0.0,N/A,0,True
2026-05-04T04:05:52.198871Z,NORMAL LOAD,55,NORMAL,3,3,1,0.1357142857142857,3.33,66.6,N/A,0,True
2026-05-04T04:06:03.385872Z,HIGH LOAD,85,HIGH,2,5,1,0.11176470588235293,0.0,0.0,N/A,0,True
2026-05-04T04:06:14.527909Z,HIGH LOAD NO DELAY,90,HIGH,3,5,0,0.0,0.0,0.0,N/A,0,True
2026-05-04T04:06:25.723083Z,LOW RECOVERY,25,LOW,5,1,3,0.5,0.0,0.0,N/A,0,True
2026-05-04T04:06:36.903050Z,LOW LOAD,20,LOW,3,1,3,0.5,0.0,0.0,N/A,0,True
2026-05-04T04:06:48.082832Z,NORMAL LOAD,55,NORMAL,3,3,1,0.1357142857142857,3.33,66.6,N/A,0,True
2026-05-04T04:06:59.266339Z,HIGH LOAD,85,HIGH,2,5,1,0.11176470588235293,0.0,0.0,N/A,0,True
2026-05-04T04:07:10.421649Z,HIGH LOAD NO DELAY,90,HIGH,3,5,0,0.0,0.0,0.0,N/A,0,True
2026-05-04T04:07:21.571585Z,LOW RECOVERY,25,LOW,5,1,3,0.5,0.0,0.0,N/A,0,True
2026-05-04T04:07:32.750382Z,LOW LOAD,20,LOW,3,1,3,0.5,0.0,0.0,N/A,0,True
2026-05-04T04:07:43.946229Z,NORMAL LOAD,55,NORMAL,3,3,1,0.1357142857142857,3.33,66.6,N/A,0,True
2026-05-04T04:07:55.116307Z,HIGH LOAD,85,HIGH,2,5,1,0.11176470588235293,0.0,0.0,N/A,0,True
2026-05-04T04:08:06.238786Z,HIGH LOAD NO DELAY,90,HIGH,3,5,0,0.0,0.0,0.0,N/A,0,True
2026-05-04T04:08:17.469891Z,LOW RECOVERY,25,LOW,5,1,3,0.5,0.0,0.0,N/A,0,True
2026-05-04T04:08:28.638208Z,LOW LOAD,20,LOW,3,1,3,0.5,0.0,0.0,N/A,0,True
2026-05-04T04:08:39.775977Z,NORMAL LOAD,55,NORMAL,3,3,1,0.1357142857142857,3.33,66.6,N/A,0,True
2026-05-04T04:08:50.912519Z,HIGH LOAD,85,HIGH,2,5,1,0.11176470588235293,0.0,0.0,N/A,0,True
2026-05-04T04:09:02.037962Z,HIGH LOAD NO DELAY,90,HIGH,3,5,0,0.0,0.0,0.0,N/A,0,True
2026-05-04T04:09:13.185234Z,LOW RECOVERY,25,LOW,5,1,3,0.5,0.0,0.0,N/A,0,True
2026-05-04T04:09:24.306832Z,LOW LOAD,20,LOW,3,1,3,0.5,0.0,0.0,N/A,0,True
2026-05-04T04:09:35.476675Z,NORMAL LOAD,55,NORMAL,3,3,1,0.1357142857142857,3.33,66.6,N/A,0,True
2026-05-04T04:09:46.647323Z,HIGH LOAD,85,HIGH,2,5,1,0.11176470588235293,0.0,0.0,N/A,0,True
2026-05-04T04:09:57.801248Z,HIGH LOAD NO DELAY,90,HIGH,3,5,0,0.0,0.0,0.0,N/A,0,True
2026-05-04T04:10:08.971851Z,LOW RECOVERY,25,LOW,5,1,3,0.5,0.0,0.0,N/A,0,True
2026-05-04T04:10:20.120332Z,LOW LOAD,20,LOW,3,1,3,0.5,0.0,0.0,N/A,0,True
2026-05-04T04:10:31.297559Z,NORMAL LOAD,55,NORMAL,3,3,1,0.1357142857142857,3.33,66.6,N/A,0,True
2026-05-04T04:10:42.488155Z,HIGH LOAD,85,HIGH,2,5,1,0.11176470588235293,0.0,0.0,N/A,0,True
2026-05-04T04:10:53.599680Z,HIGH LOAD NO DELAY,90,HIGH,3,5,0,0.0,0.0,0.0,N/A,0,True
2026-05-04T04:11:04.770396Z,LOW RECOVERY,25,LOW,5,1,3,0.5,0.0,0.0,N/A,0,True
2026-05-04T04:11:15.867129Z,LOW LOAD,20,LOW,3,1,3,0.5,0.0,0.0,N/A,0,True
2026-05-04T04:11:27.017082Z,NORMAL LOAD,55,NORMAL,3,3,1,0.1357142857142857,3.33,66.6,N/A,0,True
2026-05-04T04:11:38.172082Z,HIGH LOAD,85,HIGH,2,5,1,0.11176470588235293,0.0,0.0,N/A,0,True
2026-05-04T04:11:49.275976Z,HIGH LOAD NO DELAY,90,HIGH,3,5,0,0.0,0.0,0.0,N/A,0,True
2026-05-04T04:12:00.362770Z,LOW RECOVERY,25,LOW,5,1,3,0.5,0.0,0.0,N/A,0,True
2026-05-04T04:12:11.486965Z,LOW LOAD,20,LOW,3,1,3,0.5,0.0,0.0,N/A,0,True
2026-05-04T04:12:22.581329Z,NORMAL LOAD,55,NORMAL,3,3,1,0.1357142857142857,3.33,66.6,N/A,0,True
2026-05-04T04:12:33.681010Z,HIGH LOAD,85,HIGH,2,5,1,0.11176470588235293,0.0,0.0,N/A,0,True
2026-05-04T04:12:44.772573Z,HIGH LOAD NO DELAY,90,HIGH,3,5,0,0.0,0.0,0.0,N/A,0,True
2026-05-04T04:12:55.895993Z,LOW RECOVERY,25,LOW,5,1,3,0.5,0.0,0.0,N/A,0,True
2026-05-04T04:13:06.994664Z,LOW LOAD,20,LOW,3,1,3,0.5,0.0,0.0,N/A,0,True
2026-05-04T04:13:18.085086Z,NORMAL LOAD,55,NORMAL,3,3,1,0.1357142857142857,3.33,66.6,N/A,0,True
2026-05-04T04:13:29.203976Z,HIGH LOAD,85,HIGH,2,5,1,0.11176470588235293,0.0,0.0,N/A,0,True
2026-05-04T04:13:40.354964Z,HIGH LOAD NO DELAY,90,HIGH,3,5,0,0.0,0.0,0.0,N/A,0,True
2026-05-04T04:13:51.463423Z,LOW RECOVERY,25,LOW,5,1,3,0.5,0.0,0.0,N/A,0,True
2026-05-04T04:14:02.606029Z,LOW LOAD,20,LOW,3,1,3,0.5,0.0,0.0,N/A,0,True
2026-05-04T04:14:13.803812Z,NORMAL LOAD,55,NORMAL,3,3,1,0.1357142857142857,3.33,66.6,N/A,0,True
2026-05-04T04:14:24.983941Z,HIGH LOAD,85,HIGH,2,5,1,0.11176470588235293,0.0,0.0,N/A,0,True
2026-05-04T04:14:36.159507Z,HIGH LOAD NO DELAY,90,HIGH,3,5,0,0.0,0.0,0.0,N/A,0,True
2026-05-04T04:14:47.312104Z,LOW RECOVERY,25,LOW,5,1,3,0.5,0.0,0.0,N/A,0,True
2026-05-04T04:14:58.485802Z,LOW LOAD,20,LOW,3,1,3,0.5,0.0,0.0,N/A,0,True
2026-05-04T04:15:09.639246Z,NORMAL LOAD,55,NORMAL,3,3,1,0.1357142857142857,3.33,66.6,N/A,0,True
2026-05-04T04:15:20.787774Z,HIGH LOAD,85,HIGH,2,5,1,0.11176470588235293,0.0,0.0,N/A,0,True
2026-05-04T04:15:31.947745Z,HIGH LOAD NO DELAY,90,HIGH,3,5,0,0.0,0.0,0.0,N/A,0,True
2026-05-04T04:15:43.120331Z,LOW RECOVERY,25,LOW,5,1,3,0.5,0.0,0.0,N/A,0,True
2026-05-04T04:15:54.265619Z,LOW LOAD,20,LOW,3,1,3,0.5,0.0,0.0,N/A,0,True
2026-05-04T04:16:05.436093Z,NORMAL LOAD,55,NORMAL,3,3,1,0.1357142857142857,3.33,66.6,N/A,0,True
2026-05-04T04:16:16.596429Z,HIGH LOAD,85,HIGH,2,5,1,0.11176470588235293,0.0,0.0,N/A,0,True
2026-05-04T04:16:27.821363Z,HIGH LOAD NO DELAY,90,HIGH,3,5,0,0.0,0.0,0.0,N/A,0,True
2026-05-04T04:16:38.988985Z,LOW RECOVERY,25,LOW,5,1,3,0.5,0.0,0.0,N/A,0,True
2026-05-04T04:16:50.119185Z,LOW LOAD,20,LOW,3,1,3,0.5,0.0,0.0,N/A,0,True
2026-05-04T04:17:01.222132Z,NORMAL LOAD,55,NORMAL,3,3,1,0.1357142857142857,3.33,66.6,N/A,0,True
2026-05-04T04:17:12.403169Z,HIGH LOAD,85,HIGH,2,5,1,0.11176470588235293,0.0,0.0,N/A,0,True
2026-05-04T04:17:23.529013Z,HIGH LOAD NO DELAY,90,HIGH,3,5,0,0.0,0.0,0.0,N/A,0,True
2026-05-04T04:17:34.667109Z,LOW RECOVERY,25,LOW,5,1,3,0.5,0.0,0.0,N/A,0,True
2026-05-04T04:17:46.221138Z,LOW LOAD,20,LOW,3,1,3,0.5,0.0,0.0,N/A,0,True
2026-05-04T04:18:00.868336Z,NORMAL LOAD,55,NORMAL,3,3,1,0.1357142857142857,3.33,66.6,N/A,0,True
2026-05-04T04:18:12.836455Z,HIGH LOAD,85,HIGH,2,5,1,0.11176470588235293,0.0,0.0,N/A,0,True
2026-05-04T04:18:25.028605Z,HIGH LOAD NO DELAY,90,HIGH,3,5,0,0.0,0.0,0.0,N/A,0,True
2026-05-04T04:18:36.563133Z,LOW RECOVERY,25,LOW,5,1,3,0.5,0.0,0.0,N/A,0,True
2026-05-04T04:18:47.925671Z,LOW LOAD,20,LOW,3,1,3,0.5,0.0,0.0,N/A,0,True
2026-05-04T04:18:59.278351Z,NORMAL LOAD,55,NORMAL,3,3,1,0.1357142857142857,3.33,66.6,N/A,0,True
2026-05-04T04:19:10.558914Z,HIGH LOAD,85,HIGH,2,5,1,0.11176470588235293,0.0,0.0,N/A,0,True
2026-05-04T04:19:22.083329Z,HIGH LOAD NO DELAY,90,HIGH,3,5,0,0.0,0.0,0.0,N/A,0,True
2026-05-04T04:19:33.236766Z,LOW RECOVERY,25,LOW,5,1,3,0.5,0.0,0.0,N/A,0,True
2026-05-04T04:19:44.399699Z,LOW LOAD,20,LOW,3,1,3,0.5,0.0,0.0,N/A,0,True
2026-05-04T04:19:55.580113Z,NORMAL LOAD,55,NORMAL,3,3,1,0.1357142857142857,3.33,66.6,N/A,0,True
2026-05-04T04:20:06.733382Z,HIGH LOAD,85,HIGH,2,5,1,0.11176470588235293,0.0,0.0,N/A,0,True
2026-05-04T04:20:17.941658Z,HIGH LOAD NO DELAY,90,HIGH,3,5,0,0.0,0.0,0.0,N/A,0,True
2026-05-04T04:20:29.116114Z,LOW RECOVERY,25,LOW,5,1,3,0.5,0.0,0.0,N/A,0,True
2026-05-04T04:20:40.310169Z,LOW LOAD,20,LOW,3,1,3,0.5,0.0,0.0,N/A,0,True
2026-05-04T04:20:52.078503Z,NORMAL LOAD,55,NORMAL,3,3,1,0.1357142857142857,3.33,66.6,N/A,0,True
2026-05-04T04:21:03.412784Z,HIGH LOAD,85,HIGH,2,5,1,0.11176470588235293,0.0,0.0,N/A,0,True
2026-05-04T04:21:15.610027Z,HIGH LOAD NO DELAY,90,HIGH,3,5,0,0.0,0.0,0.0,N/A,0,True
2026-05-04T04:21:30.233486Z,LOW RECOVERY,25,LOW,5,1,3,0.5,0.0,0.0,N/A,0,True
2026-05-04T04:21:43.091854Z,LOW LOAD,20,LOW,3,1,3,0.5,0.0,0.0,N/A,0,True
2026-05-04T04:21:54.387021Z,NORMAL LOAD,55,NORMAL,3,3,1,0.1357142857142857,3.33,66.6,N/A,0,True
2026-05-04T04:22:05.615847Z,HIGH LOAD,85,HIGH,2,5,1,0.11176470588235293,0.0,0.0,N/A,0,True
2026-05-04T04:22:16.775407Z,HIGH LOAD NO DELAY,90,HIGH,3,5,0,0.0,0.0,0.0,N/A,0,True
2026-05-04T04:22:27.955076Z,LOW RECOVERY,25,LOW,5,1,3,0.5,0.0,0.0,N/A,0,True
2026-05-04T04:22:39.153924Z,LOW LOAD,20,LOW,3,1,3,0.5,0.0,0.0,N/A,0,True
2026-05-04T04:22:54.777722Z,NORMAL LOAD,55,NORMAL,3,3,0,0.0,0.0,0.0,N/A,0,True
2026-05-04T04:23:06.218413Z,HIGH LOAD,85,HIGH,2,5,0,0.0,0.0,0.0,N/A,0,True
2026-05-04T04:23:17.595111Z,HIGH LOAD NO DELAY,90,HIGH,3,5,0,0.0,0.0,0.0,N/A,0,True
2026-05-04T04:23:29.004887Z,LOW RECOVERY,25,LOW,5,1,0,0.0,0.0,0.0,N/A,0,True
2026-05-04T04:23:40.380027Z,LOW LOAD,20,LOW,3,1,0,0.0,0.0,0.0,N/A,0,True
2026-05-04T04:23:51.784986Z,NORMAL LOAD,55,NORMAL,3,3,0,0.0,0.0,0.0,N/A,0,True
2026-05-04T04:24:03.220150Z,HIGH LOAD,85,HIGH,2,5,0,0.0,0.0,0.0,N/A,0,True
2026-05-04T04:24:14.595582Z,HIGH LOAD NO DELAY,90,HIGH,3,5,0,0.0,0.0,0.0,N/A,0,True
2026-05-04T04:24:25.900497Z,LOW RECOVERY,25,LOW,5,1,0,0.0,0.0,0.0,N/A,0,True
2026-05-04T04:24:37.231862Z,LOW LOAD,20,LOW,3,1,0,0.0,0.0,0.0,N/A,0,True
2026-05-04T04:24:48.611608Z,NORMAL LOAD,55,NORMAL,3,3,0,0.0,0.0,0.0,N/A,0,True
2026-05-04T04:24:59.894056Z,HIGH LOAD,85,HIGH,2,5,0,0.0,0.0,0.0,N/A,0,True
2026-05-04T04:25:11.258302Z,HIGH LOAD NO DELAY,90,HIGH,3,5,0,0.0,0.0,0.0,N/A,0,True
2026-05-04T04:25:22.565348Z,LOW RECOVERY,25,LOW,5,1,0,0.0,0.0,0.0,N/A,0,True
2026-05-04T04:25:33.928315Z,LOW LOAD,20,LOW,3,1,0,0.0,0.0,0.0,N/A,0,True
2026-05-04T04:25:45.278710Z,NORMAL LOAD,55,NORMAL,3,3,0,0.0,0.0,0.0,N/A,0,True
2026-05-04T04:25:56.720991Z,HIGH LOAD,85,HIGH,2,5,0,0.0,0.0,0.0,N/A,0,True
2026-05-04T04:26:08.111460Z,HIGH LOAD NO DELAY,90,HIGH,3,5,0,0.0,0.0,0.0,N/A,0,True
2026-05-04T04:26:19.464578Z,LOW RECOVERY,25,LOW,5,1,0,0.0,0.0,0.0,N/A,0,True
2026-05-04T04:26:30.842839Z,LOW LOAD,20,LOW,3,1,0,0.0,0.0,0.0,N/A,0,True
2026-05-04T04:26:42.217603Z,NORMAL LOAD,55,NORMAL,3,3,0,0.0,0.0,0.0,N/A,0,True
2026-05-04T04:26:53.526670Z,HIGH LOAD,85,HIGH,2,5,0,0.0,0.0,0.0,N/A,0,True
2026-05-04T04:27:04.870921Z,HIGH LOAD NO DELAY,90,HIGH,3,5,0,0.0,0.0,0.0,N/A,0,True
2026-05-04T04:27:16.298032Z,LOW RECOVERY,25,LOW,5,1,0,0.0,0.0,0.0,N/A,0,True
2026-05-04T04:27:27.526825Z,LOW LOAD,20,LOW,3,1,0,0.0,0.0,0.0,N/A,0,True
2026-05-04T04:27:38.808681Z,NORMAL LOAD,55,NORMAL,3,3,0,0.0,0.0,0.0,N/A,0,True
2026-05-04T04:27:50.167565Z,HIGH LOAD,85,HIGH,2,5,0,0.0,0.0,0.0,N/A,0,True
2026-05-04T04:28:01.592182Z,HIGH LOAD NO DELAY,90,HIGH,3,5,0,0.0,0.0,0.0,N/A,0,True
2026-05-04T04:28:13.325893Z,LOW RECOVERY,25,LOW,5,1,0,0.0,0.0,0.0,N/A,0,True
2026-05-04T04:28:24.641283Z,LOW LOAD,20,LOW,3,1,0,0.0,0.0,0.0,N/A,0,True
2026-05-04T04:28:36.042653Z,NORMAL LOAD,55,NORMAL,3,3,0,0.0,0.0,0.0,N/A,0,True
2026-05-04T04:28:47.337536Z,HIGH LOAD,85,HIGH,2,5,0,0.0,0.0,0.0,N/A,0,True
2026-05-04T04:28:58.943642Z,HIGH LOAD NO DELAY,90,HIGH,3,5,0,0.0,0.0,0.0,N/A,0,True
2026-05-04T04:29:10.595402Z,LOW RECOVERY,25,LOW,5,1,0,0.0,0.0,0.0,N/A,0,True
2026-05-04T04:29:22.108454Z,LOW LOAD,20,LOW,3,1,0,0.0,0.0,0.0,N/A,0,True
2026-05-04T04:29:33.513568Z,NORMAL LOAD,55,NORMAL,3,3,0,0.0,0.0,0.0,N/A,0,True
2026-05-04T04:29:44.852844Z,HIGH LOAD,85,HIGH,2,5,0,0.0,0.0,0.0,N/A,0,True
2026-05-04T04:29:56.238918Z,HIGH LOAD NO DELAY,90,HIGH,3,5,0,0.0,0.0,0.0,N/A,0,True
2026-05-04T04:30:07.662293Z,LOW RECOVERY,25,LOW,5,1,0,0.0,0.0,0.0,N/A,0,True
2026-05-04T04:30:19.041264Z,LOW LOAD,20,LOW,3,1,0,0.0,0.0,0.0,N/A,0,True
2026-05-04T04:30:30.281679Z,NORMAL LOAD,55,NORMAL,3,3,0,0.0,0.0,0.0,N/A,0,True
2026-05-04T04:30:41.545620Z,HIGH LOAD,85,HIGH,2,5,0,0.0,0.0,0.0,N/A,0,True
2026-05-04T04:30:52.783086Z,HIGH LOAD NO DELAY,90,HIGH,3,5,0,0.0,0.0,0.0,N/A,0,True
2026-05-04T04:31:04.343149Z,LOW RECOVERY,25,LOW,5,1,0,0.0,0.0,0.0,N/A,0,True
2026-05-04T04:31:16.070593Z,LOW LOAD,20,LOW,3,1,0,0.0,0.0,0.0,N/A,0,True
2026-05-04T04:31:27.690518Z,NORMAL LOAD,55,NORMAL,3,3,0,0.0,0.0,0.0,N/A,0,True
2026-05-04T04:31:39.243142Z,HIGH LOAD,85,HIGH,2,5,0,0.0,0.0,0.0,N/A,0,True
2026-05-04T04:31:50.729893Z,HIGH LOAD NO DELAY,90,HIGH,3,5,0,0.0,0.0,0.0,N/A,0,True
2026-05-04T04:32:02.240636Z,LOW RECOVERY,25,LOW,5,1,0,0.0,0.0,0.0,N/A,0,True
2026-05-04T04:32:13.707865Z,LOW LOAD,20,LOW,3,1,0,0.0,0.0,0.0,N/A,0,True
2026-05-04T04:32:25.299934Z,NORMAL LOAD,55,NORMAL,3,3,0,0.0,0.0,0.0,N/A,0,True
2026-05-04T04:32:36.764980Z,HIGH LOAD,85,HIGH,2,5,0,0.0,0.0,0.0,N/A,0,True
2026-05-04T04:32:48.265624Z,HIGH LOAD NO DELAY,90,HIGH,3,5,0,0.0,0.0,0.0,N/A,0,True
2026-05-04T04:32:59.714707Z,LOW RECOVERY,25,LOW,5,1,0,0.0,0.0,0.0,N/A,0,True
2026-05-04T04:33:11.229407Z,LOW LOAD,20,LOW,3,1,0,0.0,0.0,0.0,N/A,0,True
2026-05-04T04:33:22.785068Z,NORMAL LOAD,55,NORMAL,3,3,0,0.0,0.0,0.0,N/A,0,True
2026-05-04T04:33:34.243345Z,HIGH LOAD,85,HIGH,2,5,0,0.0,0.0,0.0,N/A,0,True
2026-05-04T04:33:45.736747Z,HIGH LOAD NO DELAY,90,HIGH,3,5,0,0.0,0.0,0.0,N/A,0,True
2026-05-04T04:33:57.250839Z,LOW RECOVERY,25,LOW,5,1,0,0.0,0.0,0.0,N/A,0,True
2026-05-04T04:34:08.763245Z,LOW LOAD,20,LOW,3,1,0,0.0,0.0,0.0,N/A,0,True
2026-05-04T04:34:20.223199Z,NORMAL LOAD,55,NORMAL,3,3,0,0.0,0.0,0.0,N/A,0,True
2026-05-04T04:34:31.689282Z,HIGH LOAD,85,HIGH,2,5,0,0.0,0.0,0.0,N/A,0,True
2026-05-04T04:34:43.270576Z,HIGH LOAD NO DELAY,90,HIGH,3,5,0,0.0,0.0,0.0,N/A,0,True
2026-05-04T04:34:54.781798Z,LOW RECOVERY,25,LOW,5,1,0,0.0,0.0,0.0,N/A,0,True
2026-05-04T04:35:06.406782Z,LOW LOAD,20,LOW,3,1,0,0.0,0.0,0.0,N/A,0,True
2026-05-04T04:35:17.905323Z,NORMAL LOAD,55,NORMAL,3,3,0,0.0,0.0,0.0,N/A,0,True
2026-05-04T04:35:29.393078Z,HIGH LOAD,85,HIGH,2,5,0,0.0,0.0,0.0,N/A,0,True
2026-05-04T04:35:40.880077Z,HIGH LOAD NO DELAY,90,HIGH,3,5,0,0.0,0.0,0.0,N/A,0,True
2026-05-04T04:35:52.327597Z,LOW RECOVERY,25,LOW,5,1,0,0.0,0.0,0.0,N/A,0,True
2026-05-04T04:36:03.788791Z,LOW LOAD,20,LOW,3,1,0,0.0,0.0,0.0,N/A,0,True
2026-05-04T04:36:15.326563Z,NORMAL LOAD,55,NORMAL,3,3,0,0.0,0.0,0.0,N/A,0,True
2026-05-04T04:36:26.754987Z,HIGH LOAD,85,HIGH,2,5,0,0.0,0.0,0.0,N/A,0,True
2026-05-04T04:36:38.185134Z,HIGH LOAD NO DELAY,90,HIGH,3,5,0,0.0,0.0,0.0,N/A,0,True
2026-05-04T04:36:49.702714Z,LOW RECOVERY,25,LOW,5,1,0,0.0,0.0,0.0,N/A,0,True
2026-05-04T04:37:01.160091Z,LOW LOAD,20,LOW,3,1,0,0.0,0.0,0.0,N/A,0,True
2026-05-04T04:37:12.714368Z,NORMAL LOAD,55,NORMAL,3,3,0,0.0,0.0,0.0,N/A,0,True
2026-05-04T04:37:24.339847Z,HIGH LOAD,85,HIGH,2,5,0,0.0,0.0,0.0,N/A,0,True
2026-05-04T04:37:35.885185Z,HIGH LOAD NO DELAY,90,HIGH,3,5,0,0.0,0.0,0.0,N/A,0,True
2026-05-04T04:37:47.288323Z,LOW RECOVERY,25,LOW,5,1,0,0.0,0.0,0.0,N/A,0,True
2026-05-04T04:37:58.760207Z,LOW LOAD,20,LOW,3,1,0,0.0,0.0,0.0,N/A,0,True
2026-05-04T04:38:10.322251Z,NORMAL LOAD,55,NORMAL,3,3,0,0.0,0.0,0.0,N/A,0,True
2026-05-04T04:38:21.872270Z,HIGH LOAD,85,HIGH,2,5,0,0.0,0.0,0.0,N/A,0,True
2026-05-04T04:38:33.332667Z,HIGH LOAD NO DELAY,90,HIGH,3,5,0,0.0,0.0,0.0,N/A,0,True
2026-05-04T04:38:44.697878Z,LOW RECOVERY,25,LOW,5,1,0,0.0,0.0,0.0,N/A,0,True
2026-05-04T04:38:56.083282Z,LOW LOAD,20,LOW,3,1,0,0.0,0.0,0.0,N/A,0,True
2026-05-04T04:39:07.501748Z,NORMAL LOAD,55,NORMAL,3,3,0,0.0,0.0,0.0,N/A,0,True
2026-05-04T04:39:18.896723Z,HIGH LOAD,85,HIGH,2,5,0,0.0,0.0,0.0,N/A,0,True
2026-05-04T04:39:30.353470Z,HIGH LOAD NO DELAY,90,HIGH,3,5,0,0.0,0.0,0.0,N/A,0,True
2026-05-04T04:39:41.895657Z,LOW RECOVERY,25,LOW,5,1,0,0.0,0.0,0.0,N/A,0,True
2026-05-04T04:39:53.368918Z,LOW LOAD,20,LOW,3,1,0,0.0,0.0,0.0,N/A,0,True
2026-05-04T04:40:04.972155Z,NORMAL LOAD,55,NORMAL,3,3,0,0.0,0.0,0.0,N/A,0,True
2026-05-04T04:40:16.427017Z,HIGH LOAD,85,HIGH,2,5,0,0.0,0.0,0.0,N/A,0,True
2026-05-04T04:40:27.603162Z,HIGH LOAD NO DELAY,90,HIGH,3,5,0,0.0,0.0,0.0,N/A,0,True
2026-05-04T04:40:38.749495Z,LOW RECOVERY,25,LOW,5,1,3,0.5,0.0,0.0,N/A,0,True
2026-05-04T04:40:49.920334Z,LOW LOAD,20,LOW,3,1,3,0.5,0.0,0.0,N/A,0,True
2026-05-04T04:41:01.060567Z,NORMAL LOAD,55,NORMAL,3,3,1,0.1357142857142857,3.33,66.6,N/A,0,True
2026-05-04T04:41:12.229532Z,HIGH LOAD,85,HIGH,2,5,1,0.11176470588235293,0.0,0.0,N/A,0,True
2026-05-04T04:41:23.364090Z,HIGH LOAD NO DELAY,90,HIGH,3,5,0,0.0,0.0,0.0,N/A,0,True
2026-05-04T04:41:34.502110Z,LOW RECOVERY,25,LOW,5,1,3,0.5,0.0,0.0,N/A,0,True
2026-05-04T04:41:45.671375Z,LOW LOAD,20,LOW,3,1,3,0.5,0.0,0.0,N/A,0,True
2026-05-04T04:41:56.841338Z,NORMAL LOAD,55,NORMAL,3,3,1,0.1357142857142857,3.33,66.6,N/A,0,True
2026-05-04T04:42:08.023623Z,HIGH LOAD,85,HIGH,2,5,1,0.11176470588235293,0.0,0.0,N/A,0,True
2026-05-04T04:42:19.205800Z,HIGH LOAD NO DELAY,90,HIGH,3,5,0,0.0,0.0,0.0,N/A,0,True
2026-05-04T04:42:30.390736Z,LOW RECOVERY,25,LOW,5,1,3,0.5,0.0,0.0,N/A,0,True
2026-05-04T04:42:41.529363Z,LOW LOAD,20,LOW,3,1,3,0.5,0.0,0.0,N/A,0,True
2026-05-04T04:42:52.709920Z,NORMAL LOAD,55,NORMAL,3,3,1,0.1357142857142857,3.33,66.6,N/A,0,True
2026-05-04T04:43:03.861438Z,HIGH LOAD,85,HIGH,2,5,1,0.11176470588235293,0.0,0.0,N/A,0,True
2026-05-04T04:43:15.013803Z,HIGH LOAD NO DELAY,90,HIGH,3,5,0,0.0,0.0,0.0,N/A,0,True
2026-05-04T04:43:26.210344Z,LOW RECOVERY,25,LOW,5,1,3,0.5,0.0,0.0,N/A,0,True
2026-05-04T04:43:37.403467Z,LOW LOAD,20,LOW,3,1,3,0.5,0.0,0.0,N/A,0,True
2026-05-04T04:43:48.613973Z,NORMAL LOAD,55,NORMAL,3,3,1,0.1357142857142857,3.33,66.6,N/A,0,True
2026-05-04T04:43:59.859431Z,HIGH LOAD,85,HIGH,2,5,1,0.11176470588235293,0.0,0.0,N/A,0,True
2026-05-04T04:44:11.047592Z,HIGH LOAD NO DELAY,90,HIGH,3,5,0,0.0,0.0,0.0,N/A,0,True
2026-05-04T04:44:22.265037Z,LOW RECOVERY,25,LOW,5,1,3,0.5,0.0,0.0,N/A,0,True
2026-05-04T04:44:33.449025Z,LOW LOAD,20,LOW,3,1,3,0.5,0.0,0.0,N/A,0,True
2026-05-04T04:44:44.638441Z,NORMAL LOAD,55,NORMAL,3,3,1,0.1357142857142857,3.33,66.6,N/A,0,True
2026-05-04T04:44:55.802852Z,HIGH LOAD,85,HIGH,2,5,1,0.11176470588235293,0.0,0.0,N/A,0,True
2026-05-04T04:45:06.992638Z,HIGH LOAD NO DELAY,90,HIGH,3,5,0,0.0,0.0,0.0,N/A,0,True
2026-05-04T04:45:18.221609Z,LOW RECOVERY,25,LOW,5,1,3,0.5,0.0,0.0,N/A,0,True
2026-05-04T04:45:29.531668Z,LOW LOAD,20,LOW,3,1,3,0.5,0.0,0.0,N/A,0,True
2026-05-04T04:45:40.731441Z,NORMAL LOAD,55,NORMAL,3,3,1,0.1357142857142857,3.33,66.6,N/A,0,True
2026-05-04T04:45:51.936775Z,HIGH LOAD,85,HIGH,2,5,1,0.11176470588235293,0.0,0.0,N/A,0,True
2026-05-04T04:46:03.158313Z,HIGH LOAD NO DELAY,90,HIGH,3,5,0,0.0,0.0,0.0,N/A,0,True
